Gender,Customer Type,Age,Type of Travel,Class,Flight Distance,Inflight wifi service,Ease of Online booking,Gate location,Food and drink,Online boarding,Cleanliness,Seat comfort,Inflight entertainment,On-board service,Leg room service,Baggage handling,Checkin service,Inflight service,Departure/Arrival time convenient,Arrival Delay in Minutes,Departure Delay in Minutes,predicted_label
0,1.0,52.0,0,1,89,5,2,2,5,5,5,5,5,1,3,2.0,2,4,2,0.0,0,1
0,0.0,30.0,0,1,89,4,4,4,4,4,4,4,4,2,3,3.0,1,4,4,0.0,0,0
0,1.0,27.0,1,0,74,2,2,4,5,2,5,5,5,2,4,3.0,1,1,4,1.0,1,0
1,0.0,27.0,0,1,89,3,3,4,2,3,2,2,2,3,3,3.0,2,4,0,82.0,81,0
1,0.0,19.0,0,1,89,4,4,4,4,4,4,4,4,1,2,3.0,1,4,0,0.0,0,0
0,1.0,49.0,0,0,74,1,1,1,2,4,5,4,5,5,5,5.0,3,5,1,0.0,0,1
0,1.0,48.0,0,0,74,5,5,5,5,4,4,4,4,4,4,4.0,3,4,5,0.0,0,1
1,1.0,33.0,0,0,74,0,0,4,5,4,3,4,4,4,4,4.0,5,4,4,0.0,0,1
1,0.0,20.0,0,1,74,2,3,3,5,3,5,4,5,3,2,5.0,3,5,4,4.0,0,0
0,1.0,52.0,0,0,74,5,3,5,5,4,3,5,4,4,4,5.0,3,4,5,0.0,0,1
0,0.0,20.0,0,1,74,4,5,1,2,5,2,2,2,5,5,5.0,3,5,0,0.0,0,1
0,1.0,44.0,0,0,74,4,4,4,5,4,5,5,5,5,5,5.0,5,5,4,0.0,0,1
0,0.0,47.0,0,0,74,2,2,2,3,2,3,3,3,5,4,5.0,3,5,2,0.0,0,0
0,1.0,47.0,0,0,74,2,2,2,2,5,4,4,4,4,4,5.0,4,4,2,0.0,0,1
0,0.0,39.0,0,0,74,4,4,1,5,4,5,5,5,5,2,5.0,5,5,4,0.0,0,0
1,1.0,45.0,0,1,74,1,3,3,3,4,1,3,1,1,1,1.0,4,1,3,0.0,0,0
0,1.0,54.0,0,0,74,0,0,3,3,4,4,5,1,1,1,1.0,4,1,5,0.0,0,1
0,1.0,27.0,0,1,74,3,4,4,3,2,3,3,3,3,4,4.0,2,4,3,56.0,60,0
0,1.0,28.0,1,1,89,4,4,3,1,4,1,1,1,5,4,5.0,3,4,5,0.0,0,0
1,1.0,43.0,0,1,74,4,5,5,4,4,3,3,4,4,4,4.0,4,4,5,0.0,0,1
0,1.0,29.0,0,0,74,2,2,2,2,2,2,2,2,2,3,4.0,2,4,2,0.0,0,0
1,1.0,55.0,1,1,89,5,5,3,3,1,2,1,1,1,5,1.0,2,1,5,0.0,0,1
0,1.0,41.0,1,1,89,3,0,2,0,2,2,2,4,3,3,2.0,2,2,4,141.0,140,0
1,0.0,50.0,0,1,74,3,3,2,1,3,1,1,1,3,5,2.0,1,3,1,22.0,4,0
1,1.0,51.0,0,0,74,1,1,1,5,4,4,4,1,1,1,1.0,4,1,1,25.0,27,0
0,0.0,39.0,0,0,74,1,1,4,5,1,5,1,5,4,5,4.0,5,4,1,0.0,0,0
1,1.0,17.0,0,0,74,2,5,1,4,3,4,2,4,4,4,3.0,1,3,1,13.0,25,0
1,0.0,22.0,0,0,74,0,0,5,5,0,5,5,5,5,3,5.0,4,4,5,0.0,0,1
1,1.0,52.0,1,1,89,4,4,3,4,5,5,5,5,5,4,4.0,3,5,4,0.0,0,0
1,1.0,75.0,0,1,74,2,4,4,5,3,3,4,2,2,2,2.0,3,2,4,0.0,0,0
0,1.0,36.0,0,0,74,1,3,2,1,4,3,3,2,2,2,1.0,4,2,2,52.0,55,0
1,1.0,27.0,1,1,74,0,0,5,2,0,2,2,2,4,4,5.0,5,4,4,0.0,0,1
1,1.0,40.0,1,1,74,2,2,2,5,2,5,5,5,5,4,4.0,3,5,5,52.0,46,0
1,1.0,38.0,1,1,89,3,3,5,3,3,3,3,3,4,4,5.0,5,4,5,0.0,0,0
0,1.0,9.0,1,1,74,3,3,4,4,3,4,4,4,5,4,4.0,3,5,5,0.0,5,0
1,1.0,9.0,1,1,74,5,5,2,3,5,3,4,3,3,2,5.0,5,5,4,0.0,0,1
0,1.0,15.0,1,1,74,3,3,3,4,3,4,4,4,4,4,5.0,3,5,4,0.0,0,0
1,1.0,16.0,1,1,74,1,1,4,3,1,3,3,3,5,2,5.0,5,5,5,56.0,58,0
1,1.0,69.0,1,1,89,2,2,4,4,5,5,4,5,5,2,5.0,5,5,5,0.0,0,0
0,1.0,53.0,1,1,74,2,2,2,4,2,4,4,4,3,5,5.0,3,5,5,0.0,0,0
1,1.0,67.0,1,1,74,3,3,4,4,3,3,3,4,4,3,4.0,1,4,1,0.0,0,0
0,1.0,30.0,1,1,74,3,3,1,2,3,2,2,2,4,5,5.0,3,4,5,0.0,0,0
1,1.0,25.0,1,1,74,3,0,1,5,0,5,5,5,4,5,4.0,5,4,4,34.0,49,0
1,1.0,31.0,1,1,74,3,3,4,3,3,3,3,3,3,5,3.0,2,3,4,0.0,0,0
0,1.0,28.0,1,1,89,3,3,3,2,3,2,2,2,3,2,2.0,1,3,4,0.0,0,0
0,1.0,10.0,1,1,74,1,1,3,2,1,2,2,2,5,5,4.0,4,5,4,0.0,0,0
0,1.0,29.0,1,1,74,3,3,4,2,3,2,2,2,4,3,3.0,2,4,4,0.0,0,0
0,1.0,34.0,1,1,89,2,2,4,1,2,1,1,1,4,3,4.0,5,5,4,0.0,0,0
1,1.0,15.0,1,1,89,3,3,4,5,3,5,1,5,5,5,4.0,3,5,5,0.0,0,0
0,1.0,68.0,1,1,89,4,0,3,2,0,2,2,2,3,3,5.0,5,4,5,0.0,0,0
1,1.0,31.0,1,1,89,5,0,3,3,0,3,3,3,3,4,3.0,2,3,2,0.0,1,1
1,1.0,61.0,1,1,89,1,1,3,1,3,2,3,5,5,1,2.0,3,5,1,0.0,0,0
1,1.0,59.0,0,0,96,3,3,3,3,4,4,4,4,4,4,4.0,3,4,3,0.0,0,1
0,,25.0,0,0,96,5,5,4,5,5,5,4,5,3,4,5.0,5,4,0,0.0,0,1
1,0.0,37.0,0,0,96,4,4,4,4,4,4,4,4,4,3,4.0,3,4,4,124.0,123,0
1,,30.0,0,1,96,1,5,5,1,2,1,1,1,1,4,3.0,3,3,5,2.0,0,0
1,,28.0,1,1,96,2,0,2,1,0,1,1,1,3,5,4.0,5,5,5,0.0,0,0
0,,12.0,1,1,96,4,4,4,2,4,2,5,2,5,2,4.0,5,4,4,0.0,0,0
1,,32.0,1,1,96,3,0,2,5,0,5,2,5,4,2,4.0,5,4,5,9.0,0,0
1,1.0,7.0,1,2,96,1,1,1,4,1,4,4,4,4,3,5.0,3,4,4,0.0,0,0
1,,12.0,1,2,96,3,3,4,1,3,1,1,1,1,2,4.0,1,4,2,0.0,0,0
1,0.0,47.0,0,0,90,1,2,3,1,1,1,4,1,4,1,3.0,4,4,2,19.0,3,0
0,,40.0,0,0,90,2,2,2,3,5,5,4,5,5,5,4.0,4,5,2,0.0,0,1
1,1.0,41.0,0,0,90,4,4,4,5,4,5,5,3,4,5,5.0,5,4,1,210.0,64,1
1,,55.0,0,0,90,3,3,3,4,4,5,5,5,5,5,5.0,3,5,3,0.0,0,1
1,,40.0,0,1,90,4,2,2,4,4,4,4,4,2,4,4.0,3,3,2,0.0,0,0
1,,56.0,0,1,90,4,2,2,5,4,3,3,5,5,4,5.0,4,5,2,0.0,0,0
0,,21.0,0,1,90,3,3,4,1,3,1,1,1,5,4,4.0,4,5,0,0.0,0,1
1,,49.0,0,0,90,4,2,4,3,4,3,4,4,4,4,4.0,4,4,4,0.0,0,0
1,1.0,42.0,0,0,90,3,2,2,5,4,4,4,4,4,4,3.0,3,4,2,0.0,0,0
1,,63.0,1,1,90,4,0,5,2,2,3,2,4,4,0,4.0,2,4,5,0.0,2,1
1,,37.0,1,1,90,3,3,3,1,3,1,1,1,3,4,3.0,4,3,3,29.0,28,0
0,,26.0,0,2,90,2,5,5,2,2,2,4,2,4,2,4.0,1,3,5,11.0,15,0
1,,24.0,0,0,83,4,4,1,5,4,5,5,5,3,4,4.0,4,5,0,19.0,0,1
0,,57.0,0,0,83,3,4,4,2,3,1,3,3,3,3,3.0,4,3,4,4.0,5,0
1,,25.0,0,1,83,1,1,3,1,1,1,1,1,4,4,4.0,1,3,1,11.0,0,0
1,,29.0,1,1,83,5,5,3,1,5,1,1,1,5,5,4.0,5,4,5,0.0,0,1
0,,52.0,1,1,83,3,3,3,4,3,4,4,4,3,5,3.0,1,3,1,0.0,0,0
0,,38.0,1,1,83,4,0,3,1,0,1,1,1,1,1,3.0,4,4,3,0.0,0,0
1,1.0,51.0,1,1,89,3,0,2,2,5,4,5,2,2,0,2.0,3,2,5,0.0,0,0
1,,35.0,0,0,96,3,3,4,2,3,2,2,2,4,3,4.0,1,4,3,15.0,0,0
1,,50.0,1,0,96,4,0,3,3,4,4,4,3,3,0,3.0,4,3,4,3.0,0,0
0,,33.0,0,0,96,3,3,2,1,3,1,1,1,4,5,4.0,4,5,3,0.0,0,1
0,,57.0,0,1,96,4,3,3,3,4,3,3,3,4,3,4.0,3,4,3,,16,0
1,,36.0,0,1,96,3,2,2,3,3,3,3,3,2,1,4.0,4,3,2,15.0,24,0
0,,38.0,0,0,96,4,4,4,2,4,2,2,2,3,5,4.0,3,5,4,0.0,0,1
0,,14.0,1,1,96,5,0,4,1,0,1,1,1,2,2,4.0,1,3,1,0.0,0,1
1,,8.0,1,1,96,1,1,4,5,1,5,2,5,4,3,4.0,3,4,5,0.0,0,0
0,,17.0,1,1,96,2,2,3,5,2,5,4,5,5,2,5.0,5,4,5,0.0,0,0
0,,44.0,0,2,96,4,1,1,4,4,4,4,4,4,3,3.0,3,4,1,1.0,0,0
1,,69.0,1,2,96,4,4,3,1,3,4,4,3,3,4,3.0,4,3,4,0.0,0,0
1,,38.0,0,0,80,0,0,3,5,5,5,5,3,3,3,3.0,4,3,5,14.0,0,1
0,,27.0,1,1,80,1,0,1,5,0,5,2,5,2,1,1.0,1,1,1,17.0,9,0
0,,54.0,0,2,80,3,5,5,3,3,3,3,3,2,5,4.0,3,4,5,11.0,0,1
0,,37.0,0,1,100,3,5,5,3,2,3,3,3,2,3,4.0,1,4,5,24.0,7,1
1,1.0,29.0,1,1,89,4,4,1,2,4,2,2,2,5,2,4.0,3,5,4,24.0,29,0
1,,69.0,1,0,90,3,3,3,3,1,2,2,3,3,3,3.0,1,3,3,25.0,0,0
1,,46.0,1,0,90,2,2,1,5,5,4,5,5,5,2,5.0,3,5,5,25.0,0,0
0,,66.0,1,0,90,2,2,4,2,4,4,4,3,3,2,3.0,3,3,4,0.0,0,0
0,,48.0,0,0,90,3,3,3,3,5,5,5,5,5,5,4.0,4,5,3,4.0,0,1
1,,,0,0,90,1,1,1,4,4,4,4,5,5,5,5.0,3,5,1,4.0,0,1
1,,41.0,1,1,90,2,2,3,2,2,2,2,2,2,3,3.0,3,3,2,0.0,0,0
1,,61.0,1,1,90,5,5,3,2,4,3,3,2,2,5,2.0,2,2,4,0.0,0,1
1,,32.0,1,1,90,2,2,3,3,2,3,2,3,1,1,3.0,1,4,3,0.0,0,0
1,,55.0,1,2,90,4,4,3,2,3,4,3,5,5,4,3.0,4,5,1,2.0,0,0
1,1.0,17.0,1,1,89,3,3,1,5,3,5,3,5,3,4,5.0,5,5,4,0.0,0,0
0,1.0,19.0,1,1,89,1,1,2,4,1,4,4,4,3,2,4.0,4,4,5,57.0,40,0
0,1.0,32.0,1,1,89,2,2,3,1,2,1,5,1,3,5,4.0,4,4,4,11.0,1,0
0,1.0,68.0,1,1,89,2,2,1,2,2,2,4,2,2,5,4.0,3,5,4,0.0,0,0
0,1.0,52.0,1,1,89,3,3,5,1,3,1,3,1,1,2,3.0,1,5,4,13.0,16,0
0,1.0,55.0,1,1,89,2,2,3,3,2,3,3,3,1,3,5.0,3,4,5,0.0,4,0
1,0.0,33.0,0,0,89,1,1,4,2,1,2,2,2,4,5,5.0,4,5,1,0.0,0,0
0,1.0,49.0,0,0,89,0,0,1,3,5,5,4,3,3,3,3.0,3,3,4,15.0,21,1
0,0.0,26.0,0,2,89,3,3,4,2,3,2,2,2,2,4,3.0,3,3,2,0.0,0,0
0,0.0,33.0,1,2,89,4,4,3,1,4,1,1,1,2,3,3.0,1,4,3,8.0,5,0
0,1.0,44.0,1,2,89,2,2,3,4,2,4,4,4,5,5,4.0,3,5,4,0.0,0,0
1,1.0,21.0,1,2,89,1,0,1,4,0,4,4,4,3,4,3.0,5,2,4,0.0,0,0
0,1.0,58.0,1,2,89,3,3,4,4,3,4,4,4,4,3,3.0,1,4,3,17.0,2,0
1,1.0,48.0,0,1,95,5,3,3,1,2,2,1,5,5,5,5.0,1,5,3,0.0,0,1
0,0.0,43.0,0,1,95,1,1,1,2,1,2,2,2,1,3,2.0,2,2,0,0.0,0,0
0,1.0,41.0,0,1,95,5,3,3,5,5,5,5,5,2,5,3.0,2,3,3,17.0,38,1
1,1.0,51.0,0,1,95,5,4,2,2,5,2,4,5,5,5,5.0,3,5,2,0.0,0,1
0,1.0,54.0,0,0,95,4,4,4,2,2,4,4,4,4,4,5.0,4,4,4,0.0,2,1
0,0.0,38.0,0,1,95,3,3,3,3,3,3,3,3,2,5,3.0,1,4,3,59.0,87,0
1,0.0,56.0,0,1,95,3,3,3,3,3,3,5,3,1,3,3.0,4,4,2,0.0,3,0
1,1.0,17.0,0,0,95,2,4,2,4,4,4,3,4,2,3,3.0,1,4,2,0.0,0,0
1,0.0,40.0,0,0,95,5,5,4,2,5,2,2,2,1,3,2.0,4,1,5,16.0,3,1
1,1.0,40.0,1,1,95,5,0,4,1,0,1,1,1,5,2,3.0,2,5,3,0.0,0,1
1,1.0,20.0,1,1,95,2,2,4,3,2,3,3,3,4,4,3.0,4,3,2,0.0,0,0
0,1.0,29.0,1,1,95,4,4,4,1,4,1,2,1,3,1,4.0,2,4,1,8.0,0,0
0,1.0,11.0,1,1,95,2,0,2,3,0,3,5,3,1,3,2.0,1,2,1,0.0,1,0
1,1.0,51.0,1,1,95,2,2,2,4,4,1,4,5,5,2,5.0,5,5,4,0.0,1,0
1,1.0,58.0,0,2,95,2,2,2,2,1,5,4,2,2,2,2.0,5,2,2,0.0,0,1
1,0.0,24.0,0,1,95,2,2,4,5,2,5,5,5,3,4,3.0,3,3,3,0.0,0,0
0,1.0,42.0,1,2,95,1,1,1,1,1,1,5,1,2,1,1.0,3,4,4,120.0,115,0
1,1.0,48.0,0,0,100,5,5,5,4,5,5,5,4,4,4,4.0,4,4,5,0.0,0,1
0,1.0,51.0,0,0,95,5,5,5,1,2,5,5,5,5,5,5.0,1,5,5,0.0,0,1
1,1.0,35.0,0,1,95,5,2,2,5,5,5,5,5,3,1,1.0,1,3,2,2.0,10,1
0,0.0,23.0,0,1,95,2,2,2,5,2,5,5,5,1,2,3.0,1,2,2,81.0,81,0
0,1.0,54.0,1,1,95,2,2,3,2,2,2,2,2,5,3,1.0,2,3,3,28.0,0,0
1,1.0,24.0,1,1,95,4,4,4,2,4,2,2,2,5,4,5.0,4,4,5,0.0,0,0
0,1.0,7.0,1,1,95,3,3,3,5,3,5,3,5,3,1,2.0,3,5,4,4.0,0,0
1,1.0,49.0,1,1,95,2,2,1,3,1,2,2,1,1,2,1.0,1,1,3,6.0,0,0
0,1.0,43.0,1,1,95,3,0,3,3,0,3,3,3,1,4,4.0,2,4,3,0.0,0,0
0,1.0,60.0,0,0,84,2,1,2,5,5,5,4,5,5,5,5.0,3,5,2,57.0,46,1
0,1.0,35.0,1,0,84,3,3,3,4,4,4,3,4,4,3,4.0,3,4,2,0.0,0,0
0,1.0,39.0,0,0,84,0,0,2,5,2,4,4,2,2,3,3.0,5,2,3,0.0,0,1
0,1.0,41.0,0,1,84,1,5,5,1,1,1,1,1,1,3,2.0,1,3,5,133.0,149,0
0,1.0,45.0,0,1,84,1,4,4,2,1,2,2,2,2,3,3.0,2,3,4,53.0,41,0
1,0.0,23.0,0,0,84,3,3,3,2,3,2,2,2,3,1,4.0,3,4,2,50.0,61,0
1,1.0,56.0,1,1,84,3,0,3,1,3,4,4,2,2,0,2.0,3,2,2,19.0,0,0
0,1.0,33.0,1,1,84,4,4,3,5,4,5,5,5,2,3,3.0,2,3,2,0.0,0,0
1,1.0,28.0,1,1,84,4,0,1,2,0,2,2,2,3,2,4.0,5,4,4,10.0,22,0
0,0.0,17.0,0,1,84,3,3,4,2,3,2,2,2,2,2,3.0,2,3,3,49.0,60,0
0,0.0,25.0,0,0,84,3,3,3,2,3,2,3,2,3,2,3.0,2,4,3,10.0,18,0
0,0.0,21.0,0,1,84,5,5,2,5,5,5,5,1,5,4,1.0,5,5,0,320.0,294,1
0,1.0,45.0,0,0,84,4,4,4,1,4,1,4,5,5,5,4.0,2,5,4,10.0,14,1
1,1.0,53.0,0,1,84,5,5,5,3,5,4,5,5,5,5,5.0,5,5,5,0.0,0,1
1,1.0,44.0,0,0,84,3,3,3,5,4,2,4,5,5,5,4.0,5,5,3,29.0,42,1
0,0.0,40.0,0,1,84,3,3,2,1,3,1,1,1,2,4,2.0,2,3,3,103.0,103,0
0,1.0,27.0,0,0,84,5,5,5,5,5,5,4,5,5,1,1.0,1,3,5,0.0,0,1
1,0.0,42.0,0,1,84,3,3,1,5,3,5,5,5,5,5,3.0,5,4,5,34.0,0,0
1,0.0,35.0,0,1,84,4,4,2,5,4,5,5,5,3,4,2.0,1,2,1,0.0,0,0
0,1.0,60.0,1,1,84,0,0,3,3,0,3,3,3,4,1,3.0,2,4,1,0.0,0,1
1,1.0,48.0,1,1,84,2,2,3,3,3,1,3,3,3,2,2.0,4,3,2,3.0,0,0
1,1.0,12.0,1,1,84,5,5,1,3,5,3,3,3,3,2,2.0,4,2,1,0.0,0,1
1,1.0,10.0,1,2,84,2,2,4,2,2,2,2,2,5,3,4.0,5,4,4,1.0,12,0
0,1.0,23.0,1,0,83,4,0,3,5,0,5,5,5,3,5,4.0,3,5,5,0.0,0,0
0,0.0,20.0,0,1,83,3,2,1,4,2,4,4,4,1,3,1.0,2,5,4,0.0,0,0
0,1.0,51.0,0,0,83,0,0,2,1,3,1,5,5,5,5,5.0,3,5,4,0.0,0,1
0,1.0,33.0,0,0,83,0,0,1,3,3,3,3,3,5,4,5.0,1,3,5,0.0,0,1
0,0.0,24.0,0,1,83,3,3,4,5,3,5,2,5,5,4,3.0,5,3,0,0.0,0,0
0,1.0,59.0,0,1,83,4,3,3,4,4,4,4,4,5,4,4.0,3,5,3,0.0,0,1
1,1.0,30.0,0,0,83,5,4,5,5,5,5,4,5,4,1,3.0,3,3,5,0.0,0,1
1,1.0,56.0,0,0,83,5,5,5,3,4,1,3,5,5,5,5.0,3,5,5,0.0,0,1
1,1.0,45.0,0,1,83,2,4,4,3,2,3,3,2,2,2,2.0,2,2,4,0.0,0,0
0,0.0,16.0,0,1,83,1,1,3,4,1,4,4,4,2,5,4.0,1,4,3,31.0,39,0
1,1.0,35.0,0,0,83,1,1,1,5,5,5,5,5,4,4,2.0,5,5,1,0.0,0,1
0,0.0,21.0,0,1,83,2,2,2,4,2,4,4,4,1,3,2.0,1,1,2,5.0,8,0
0,1.0,35.0,0,0,83,1,5,1,1,5,2,2,5,5,4,5.0,5,5,1,0.0,1,1
0,1.0,33.0,0,0,83,3,5,5,2,2,2,3,2,2,5,4.0,1,3,5,0.0,0,1
1,1.0,33.0,0,1,83,0,0,3,4,0,4,4,4,4,1,2.0,1,4,0,0.0,0,0
1,0.0,54.0,0,1,83,2,2,4,3,2,3,3,3,1,3,3.0,3,4,3,0.0,0,0
1,1.0,50.0,0,0,83,3,4,4,5,3,2,4,2,2,2,3.0,4,2,4,7.0,11,0
1,1.0,37.0,0,1,83,4,2,2,4,4,4,4,4,4,2,3.0,1,3,2,0.0,0,0
1,0.0,18.0,0,1,83,5,5,2,4,5,4,4,4,5,5,2.0,2,2,0,0.0,0,1
0,0.0,25.0,0,1,83,3,3,4,1,3,1,1,1,1,2,4.0,4,4,3,21.0,27,0
0,1.0,45.0,0,0,83,2,3,2,1,2,3,4,4,4,4,4.0,1,4,2,0.0,0,1
0,1.0,48.0,0,1,83,2,5,5,2,2,2,2,2,1,4,2.0,2,2,5,0.0,0,1
1,1.0,38.0,1,1,83,5,5,2,3,5,3,3,3,5,1,1.0,2,1,4,69.0,39,1
1,1.0,42.0,1,1,83,2,2,4,4,5,3,5,2,2,2,2.0,5,2,5,7.0,0,0
1,1.0,21.0,1,1,83,2,0,3,5,0,5,5,5,4,4,4.0,3,5,4,0.0,0,0
1,1.0,8.0,1,1,83,2,2,3,1,2,1,1,1,5,4,3.0,3,2,5,0.0,0,0
0,1.0,35.0,1,1,83,4,4,3,4,4,4,4,4,3,4,4.0,4,4,5,0.0,11,0
0,1.0,50.0,1,1,83,3,0,3,2,0,2,2,2,4,2,4.0,4,5,4,2.0,5,0
0,1.0,47.0,1,1,83,1,1,3,5,1,5,5,5,4,5,2.0,2,3,3,0.0,0,0
1,1.0,17.0,1,1,83,2,0,2,2,0,2,2,2,3,5,5.0,5,4,4,0.0,0,0
0,1.0,51.0,1,1,83,5,0,4,3,0,3,3,3,3,5,3.0,3,5,5,0.0,0,1
1,1.0,19.0,1,1,83,1,1,4,2,1,2,4,2,3,4,4.0,5,4,5,0.0,0,0
1,1.0,36.0,1,1,83,4,4,3,5,4,5,1,5,4,3,3.0,3,4,4,0.0,0,0
1,1.0,35.0,1,1,83,4,4,4,3,4,3,3,3,5,5,4.0,3,4,4,6.0,11,0
1,1.0,8.0,1,1,83,2,2,1,1,2,1,1,1,5,3,5.0,4,4,4,0.0,0,0
1,0.0,30.0,0,2,83,2,3,1,3,3,3,3,3,3,2,1.0,3,1,3,0.0,0,0
0,1.0,60.0,0,2,83,4,1,1,4,4,4,4,5,3,4,4.0,4,1,1,186.0,195,0
0,0.0,38.0,0,2,83,1,2,4,5,2,5,5,5,1,4,5.0,5,1,2,11.0,5,0
1,1.0,30.0,0,2,83,2,5,1,2,2,2,2,2,4,3,3.0,4,2,1,6.0,0,0
0,1.0,49.0,1,2,83,4,4,1,4,4,4,4,4,4,4,4.0,5,5,5,0.0,0,0
0,1.0,59.0,0,0,73,3,3,3,5,4,4,4,3,3,4,5.0,4,3,5,18.0,13,1
0,0.0,21.0,0,1,73,3,3,4,3,3,3,4,3,3,5,5.0,5,5,0,0.0,0,0
0,1.0,31.0,1,0,73,3,3,3,4,3,4,4,4,3,2,4.0,2,1,3,0.0,0,0
0,1.0,42.0,0,0,73,1,1,1,1,2,3,4,4,4,4,5.0,3,4,1,43.0,50,1
1,1.0,48.0,0,1,73,5,1,1,2,1,4,2,3,3,5,3.0,2,3,1,0.0,0,1
1,0.0,50.0,0,1,73,3,3,3,3,4,4,4,3,1,3,2.0,4,4,0,205.0,195,0
0,0.0,22.0,0,1,73,4,4,2,2,4,2,1,2,1,3,1.0,1,5,0,0.0,0,1
1,1.0,69.0,0,1,73,1,3,3,1,4,3,4,2,2,1,2.0,2,2,3,0.0,0,0
0,1.0,50.0,0,1,73,4,1,1,4,4,4,4,4,1,1,3.0,1,4,1,0.0,0,0
1,1.0,24.0,0,0,73,2,4,4,3,3,3,2,3,2,2,4.0,1,3,4,20.0,26,0
1,1.0,51.0,0,1,73,3,2,3,3,3,3,3,4,3,3,3.0,3,4,3,160.0,152,0
1,1.0,40.0,0,1,73,1,1,1,1,1,1,1,1,4,1,4.0,3,3,1,24.0,1,0
1,1.0,66.0,1,1,73,3,3,3,2,4,4,5,2,2,3,2.0,4,2,5,0.0,0,0
1,1.0,24.0,1,1,73,3,0,2,3,0,3,1,3,2,3,3.0,1,2,5,0.0,7,0
0,1.0,18.0,1,1,73,3,3,3,4,3,4,4,4,4,2,3.0,4,3,1,0.0,0,0
0,1.0,41.0,1,1,73,1,1,1,3,1,3,3,3,5,1,4.0,2,4,3,0.0,4,0
0,1.0,33.0,1,1,73,4,4,4,1,4,1,1,1,3,4,3.0,4,4,4,0.0,0,0
0,1.0,28.0,1,2,73,4,4,4,3,4,3,3,3,3,5,4.0,2,4,3,37.0,42,0
0,1.0,46.0,0,0,95,1,4,1,3,4,3,5,5,5,5,4.0,3,5,1,0.0,1,1
0,0.0,22.0,0,0,95,5,5,3,1,5,1,1,1,3,4,4.0,5,5,0,0.0,0,1
1,1.0,37.0,1,0,95,2,2,1,1,4,5,1,5,5,2,5.0,2,5,3,0.0,0,0
1,1.0,30.0,0,0,95,4,4,4,3,4,3,3,3,4,1,4.0,5,4,4,16.0,2,1
0,0.0,54.0,0,1,95,1,1,3,3,1,3,3,3,5,4,1.0,5,5,0,0.0,0,0
1,1.0,43.0,0,1,95,5,2,2,5,3,2,4,5,5,5,5.0,3,5,2,0.0,0,1
1,1.0,38.0,0,1,31,4,2,2,4,4,4,4,4,4,4,3.0,5,2,2,0.0,0,1
1,0.0,23.0,0,1,31,4,4,1,1,4,1,1,1,1,3,4.0,5,2,0,0.0,0,1
0,1.0,52.0,0,1,95,4,1,1,4,4,4,4,4,5,5,2.0,5,3,2,0.0,0,1
1,1.0,55.0,0,1,82,5,1,1,2,5,2,4,5,5,5,5.0,3,5,1,0.0,1,1
1,1.0,53.0,0,1,31,5,3,3,4,5,3,4,5,5,5,5.0,3,5,3,0.0,0,1
0,1.0,55.0,0,0,95,3,1,1,3,4,1,3,4,4,4,3.0,1,4,1,0.0,0,1
0,1.0,36.0,0,0,95,1,1,1,4,2,4,1,4,4,4,4.0,2,4,1,0.0,0,0
1,0.0,26.0,0,1,95,0,0,4,4,0,4,4,4,5,2,2.0,3,1,4,29.0,17,0
1,0.0,35.0,0,1,82,2,3,4,4,3,4,3,4,4,1,4.0,2,4,2,0.0,0,0
1,1.0,50.0,0,0,95,1,5,5,3,3,3,2,2,2,2,1.0,1,2,5,,0,1
1,1.0,61.0,0,1,95,4,2,2,2,1,1,1,3,3,4,3.0,2,3,2,0.0,0,1
0,0.0,62.0,0,1,95,2,2,3,2,2,2,2,2,1,5,5.0,4,5,3,0.0,0,0
1,0.0,17.0,0,1,95,4,4,4,2,4,2,2,2,3,5,3.0,2,4,3,0.0,0,0
1,0.0,23.0,0,1,95,3,3,2,2,3,2,2,2,3,3,4.0,5,4,4,0.0,0,0
0,1.0,50.0,0,0,95,1,3,3,4,1,3,3,4,3,4,4.0,3,2,3,,455,0
1,0.0,44.0,0,1,95,1,1,3,5,1,5,5,5,4,5,4.0,4,3,1,0.0,0,0
0,1.0,51.0,0,1,95,3,1,1,3,3,3,3,3,2,3,2.0,2,3,1,0.0,0,0
1,0.0,26.0,0,1,31,4,4,1,3,4,3,3,3,5,3,5.0,5,2,0,0.0,0,0
1,1.0,63.0,0,0,95,1,1,1,1,4,4,3,3,3,3,1.0,4,3,1,11.0,14,0
0,1.0,38.0,0,1,95,5,2,2,5,5,5,5,5,4,4,3.0,1,3,2,0.0,0,1
0,1.0,51.0,0,1,82,3,3,3,3,3,3,3,3,3,4,3.0,1,3,3,0.0,0,0
0,0.0,30.0,0,1,95,2,2,4,3,2,3,2,3,2,4,2.0,5,2,5,0.0,0,0
0,1.0,32.0,0,0,82,2,2,2,5,5,5,3,5,1,5,5.0,5,1,2,0.0,0,1
0,1.0,23.0,1,1,95,5,0,4,2,0,2,2,2,4,5,4.0,4,4,2,11.0,0,1
1,1.0,22.0,1,1,31,2,2,3,5,2,5,5,5,3,2,4.0,5,4,5,0.0,0,0
1,1.0,61.0,1,1,82,3,3,3,2,5,4,4,4,4,3,4.0,4,4,5,0.0,0,0
0,1.0,33.0,1,1,95,2,2,5,5,2,5,5,5,3,3,2.0,3,5,4,0.0,0,0
0,1.0,69.0,1,1,95,5,5,5,2,5,2,2,2,3,3,1.0,4,4,5,0.0,0,1
1,1.0,7.0,1,1,82,3,0,4,2,0,2,2,2,1,3,1.0,5,5,4,105.0,104,0
1,1.0,54.0,1,1,31,2,2,3,4,4,2,4,5,5,2,5.0,3,5,1,22.0,18,0
1,1.0,12.0,1,1,31,3,3,4,1,3,1,1,1,1,1,2.0,5,1,4,8.0,12,0
0,1.0,20.0,1,1,95,3,3,3,4,3,4,4,4,2,4,2.0,1,2,4,0.0,0,0
0,1.0,70.0,1,1,31,2,0,4,4,0,4,4,4,3,5,5.0,3,4,5,0.0,0,0
1,1.0,17.0,1,1,31,2,0,3,1,0,1,1,1,4,3,5.0,4,5,4,11.0,11,0
1,1.0,61.0,1,1,95,1,1,2,5,1,5,3,2,2,1,2.0,2,2,4,0.0,0,0
0,1.0,14.0,1,1,82,3,3,3,4,3,4,4,4,4,5,4.0,1,3,2,0.0,7,0
0,1.0,17.0,1,1,82,1,1,3,5,1,5,5,5,5,5,2.0,4,2,3,0.0,0,0
1,1.0,35.0,1,1,95,5,5,1,3,5,3,3,3,4,4,5.0,3,4,4,0.0,2,1
0,1.0,18.0,1,1,82,4,4,4,4,4,4,4,4,1,4,3.0,4,4,1,0.0,0,0
0,1.0,39.0,0,2,82,5,5,5,5,5,5,5,5,3,1,3.0,2,3,5,0.0,0,1
0,1.0,43.0,0,2,31,5,4,5,4,5,4,4,4,4,3,5.0,5,2,5,0.0,0,1
1,1.0,38.0,0,2,95,4,3,3,4,4,4,4,4,2,1,3.0,4,3,3,0.0,0,1
1,1.0,32.0,0,2,95,0,0,1,1,0,1,1,1,5,4,2.0,5,3,0,0.0,0,1
1,0.0,25.0,0,2,95,3,3,4,4,3,4,5,4,1,2,4.0,4,4,1,0.0,0,0
0,1.0,34.0,0,2,95,0,0,3,5,0,5,1,5,4,4,1.0,3,3,0,0.0,0,1
1,1.0,59.0,1,2,95,2,2,4,3,4,3,2,5,5,2,3.0,1,5,3,0.0,0,0
1,1.0,27.0,1,2,31,3,3,5,4,3,4,1,4,5,5,4.0,3,5,5,15.0,8,0
0,1.0,46.0,1,2,82,1,1,1,3,1,3,4,3,3,3,5.0,5,5,5,0.0,0,0
1,1.0,57.0,0,0,101,1,1,1,3,5,5,5,5,5,4,5.0,5,5,1,0.0,0,1
0,0.0,24.0,0,0,101,0,0,1,5,0,5,4,5,3,2,5.0,4,4,0,0.0,0,1
1,0.0,21.0,0,1,101,4,5,4,5,5,5,2,5,3,4,4.0,4,5,0,0.0,0,1
0,1.0,44.0,0,0,84,5,5,5,5,4,3,5,5,5,5,4.0,3,5,5,7.0,3,1
0,1.0,48.0,0,0,101,5,3,5,4,5,4,5,3,3,4,5.0,3,3,5,0.0,0,1
1,1.0,43.0,0,0,101,3,3,3,5,5,5,4,4,4,4,4.0,3,4,3,0.0,0,1
0,1.0,47.0,0,0,102,2,2,2,5,4,3,5,4,4,4,4.0,3,4,2,1.0,0,0
1,1.0,49.0,0,0,102,4,4,4,5,4,4,5,3,3,4,5.0,4,3,4,0.0,0,1
0,1.0,47.0,0,0,101,2,3,3,3,4,3,4,1,1,1,2.0,4,1,3,0.0,0,0
1,1.0,40.0,0,0,101,2,5,5,1,3,1,3,3,3,3,2.0,2,3,5,0.0,0,1
0,1.0,46.0,0,0,101,0,0,1,3,5,5,5,3,3,3,3.0,3,3,4,0.0,0,1
1,0.0,27.0,0,0,101,4,4,2,4,4,4,4,4,3,5,4.0,3,5,4,0.0,0,1
1,1.0,52.0,0,0,102,5,5,5,3,5,4,5,5,5,5,5.0,5,5,5,21.0,26,1
1,1.0,49.0,1,0,101,4,4,2,5,4,4,4,3,3,4,3.0,5,3,5,0.0,0,0
0,1.0,17.0,1,0,101,0,0,3,1,0,1,1,1,4,4,4.0,3,4,4,0.0,0,1
1,1.0,70.0,1,0,101,5,0,1,1,3,4,4,2,2,0,2.0,3,2,5,0.0,0,1
1,1.0,70.0,0,1,101,4,5,4,3,2,2,1,3,3,4,3.0,5,3,4,0.0,0,1
1,0.0,22.0,0,0,101,4,4,1,5,4,5,5,5,3,5,5.0,2,3,4,0.0,0,1
0,1.0,42.0,0,0,101,0,0,1,3,4,1,5,3,3,3,3.0,2,3,3,17.0,11,1
0,1.0,32.0,0,0,101,3,3,3,4,5,4,5,4,2,3,3.0,5,5,2,1.0,0,1
0,1.0,36.0,0,0,101,2,2,2,1,2,1,2,4,4,4,3.0,3,4,2,19.0,9,1
1,1.0,58.0,0,0,102,2,2,2,4,3,4,4,5,5,5,4.0,5,5,2,0.0,0,1
0,1.0,43.0,0,1,102,5,5,5,5,5,5,5,5,4,5,2.0,5,4,5,0.0,0,1
0,1.0,50.0,0,0,101,1,1,1,1,5,4,2,4,4,4,5.0,3,4,4,16.0,4,1
0,0.0,22.0,0,1,102,0,0,3,4,0,4,4,4,5,4,4.0,5,3,3,0.0,0,1
0,1.0,41.0,0,1,102,4,1,1,4,4,4,4,4,1,1,4.0,5,4,2,27.0,26,1
1,1.0,55.0,0,0,102,4,4,4,5,3,3,3,5,5,5,4.0,3,5,4,7.0,7,1
0,1.0,42.0,0,1,101,4,3,3,4,4,4,4,4,2,1,2.0,2,5,3,0.0,0,1
0,1.0,43.0,0,0,101,0,0,1,3,5,1,4,3,3,3,3.0,1,3,4,1.0,2,1
1,1.0,52.0,0,1,102,4,4,4,3,1,3,4,5,5,4,5.0,5,5,4,10.0,0,1
0,1.0,60.0,0,1,101,4,5,5,4,4,4,4,4,3,3,3.0,3,1,2,23.0,23,0
0,1.0,35.0,0,0,101,3,3,3,5,5,3,5,4,4,4,3.0,2,4,3,0.0,0,0
0,1.0,36.0,0,1,101,4,1,1,4,4,4,4,4,3,1,4.0,2,1,1,0.0,0,1
1,1.0,56.0,0,1,101,4,3,3,1,1,3,1,4,4,4,4.0,4,4,3,0.0,0,1
1,1.0,,0,0,101,3,3,3,5,2,4,1,5,5,5,5.0,4,5,3,0.0,0,1
0,1.0,39.0,0,1,101,4,3,3,4,5,4,4,4,2,4,5.0,4,4,3,0.0,0,1
1,1.0,36.0,0,0,101,3,4,3,5,1,3,5,4,4,4,4.0,4,4,3,0.0,0,0
1,1.0,32.0,0,1,101,5,1,1,5,5,5,5,5,4,2,5.0,4,3,1,11.0,0,1
1,1.0,58.0,0,0,101,4,4,4,3,1,5,5,5,5,5,4.0,3,5,4,9.0,7,1
0,1.0,37.0,0,1,101,3,3,3,3,3,3,3,3,3,1,5.0,3,4,3,0.0,0,1
1,1.0,48.0,0,0,84,0,0,4,2,3,5,5,4,4,5,5.0,3,4,4,0.0,0,1
0,1.0,48.0,0,1,101,4,5,5,4,4,4,4,4,4,2,1.0,2,1,5,0.0,0,1
0,1.0,37.0,0,0,101,4,4,4,2,4,5,4,5,5,5,3.0,3,5,4,0.0,0,1
0,1.0,37.0,0,0,101,1,1,1,1,1,2,3,4,4,4,4.0,1,4,1,0.0,0,1
1,0.0,23.0,0,1,101,5,5,1,4,5,4,4,4,5,1,1.0,4,5,0,0.0,0,1
1,1.0,56.0,0,1,101,4,5,5,2,3,3,4,4,4,4,4.0,3,4,5,0.0,0,1
0,1.0,37.0,0,1,102,4,1,1,4,4,4,4,4,3,1,3.0,3,2,1,8.0,0,1
0,1.0,46.0,0,1,102,4,5,5,4,4,4,4,4,5,2,2.0,5,2,5,8.0,4,1
1,1.0,47.0,0,1,102,5,3,3,1,4,1,1,5,5,5,5.0,1,5,5,0.0,0,1
0,1.0,48.0,0,1,101,5,4,4,3,5,3,3,3,3,1,2.0,2,1,4,0.0,0,1
1,1.0,39.0,0,1,102,4,2,2,4,4,4,4,4,3,3,4.0,2,2,2,0.0,0,1
0,1.0,39.0,0,1,102,5,3,3,5,5,5,5,5,2,2,1.0,4,1,3,2.0,0,1
0,1.0,36.0,0,1,101,4,4,3,4,4,4,4,4,3,1,5.0,5,1,3,1.0,0,1
0,1.0,55.0,0,1,84,5,2,2,5,5,5,5,5,1,5,2.0,3,3,2,0.0,0,1
1,1.0,68.0,0,0,101,2,2,2,2,3,4,1,4,4,5,5.0,3,4,2,3.0,0,1
0,1.0,31.0,0,1,101,4,4,4,4,4,4,4,4,3,1,4.0,1,4,4,0.0,0,0
1,1.0,46.0,0,1,101,5,3,3,1,1,5,5,5,5,5,5.0,1,5,3,0.0,0,1
0,1.0,57.0,0,1,102,4,3,3,4,4,4,4,4,3,5,4.0,2,1,3,0.0,0,1
0,1.0,55.0,0,1,102,4,5,5,5,4,5,5,5,4,5,4.0,4,2,5,0.0,0,1
0,1.0,46.0,0,1,102,4,4,4,4,4,4,4,4,2,1,4.0,2,1,4,1.0,0,1
1,1.0,22.0,0,0,102,2,2,2,4,4,4,4,4,1,3,2.0,1,5,2,0.0,2,1
0,1.0,48.0,0,1,101,5,5,3,5,5,5,5,5,5,3,1.0,1,2,3,0.0,0,1
1,1.0,44.0,0,0,101,4,4,4,5,3,3,2,5,5,5,5.0,3,5,4,0.0,0,1
1,1.0,31.0,0,1,101,5,3,3,5,5,5,5,5,2,2,1.0,4,2,3,12.0,6,1
1,1.0,41.0,0,0,101,2,2,2,4,3,5,4,5,5,5,4.0,4,5,2,0.0,0,1
1,1.0,39.0,0,1,101,5,3,3,5,5,5,5,5,3,3,3.0,3,2,3,13.0,2,1
1,1.0,42.0,0,1,101,5,2,2,3,3,3,3,5,5,5,5.0,2,5,2,7.0,3,1
0,1.0,50.0,0,1,102,4,3,3,4,4,4,4,4,5,2,3.0,2,2,3,0.0,0,1
1,1.0,41.0,0,0,101,3,3,3,3,2,2,5,4,4,4,4.0,2,4,3,3.0,0,1
1,1.0,62.0,0,0,101,2,2,2,5,3,1,3,4,4,4,5.0,3,4,2,4.0,1,1
0,1.0,53.0,0,0,102,2,2,2,1,2,2,2,5,5,5,3.0,3,5,2,7.0,0,1
0,1.0,39.0,0,0,101,2,5,2,5,1,4,3,5,5,5,3.0,5,5,2,0.0,0,1
0,1.0,28.0,0,1,102,4,4,4,4,4,4,4,4,3,5,1.0,4,5,4,0.0,0,1
1,1.0,42.0,0,1,101,1,4,4,3,3,1,4,1,1,1,1.0,3,1,4,0.0,0,0
1,1.0,31.0,0,0,101,1,5,1,4,4,4,5,4,4,4,5.0,5,1,1,0.0,0,1
1,1.0,43.0,0,0,101,1,1,1,4,5,4,5,4,4,4,3.0,3,4,1,13.0,5,1
1,1.0,41.0,0,0,102,5,5,5,3,1,5,1,5,5,5,4.0,5,5,5,0.0,0,1
1,1.0,39.0,0,1,101,4,2,2,4,4,4,4,4,3,2,4.0,3,2,2,13.0,2,1
1,1.0,46.0,0,0,102,2,2,2,3,2,3,5,5,5,5,4.0,4,5,2,0.0,0,1
1,1.0,48.0,0,1,101,4,2,2,2,3,4,4,4,4,4,4.0,3,4,2,7.0,5,0
0,1.0,57.0,0,1,101,4,4,4,4,4,4,4,4,3,5,2.0,2,1,2,0.0,0,1
1,1.0,34.0,0,0,102,5,5,5,2,3,5,5,5,5,5,3.0,2,5,5,4.0,0,1
0,1.0,60.0,0,1,101,5,4,4,5,5,5,5,5,4,5,2.0,5,2,4,6.0,4,1
0,1.0,51.0,0,0,101,0,1,3,5,2,5,4,3,3,3,3.0,4,3,3,5.0,0,1
0,1.0,30.0,0,1,101,4,3,3,4,4,4,4,4,4,1,1.0,5,4,3,0.0,0,1
0,1.0,51.0,0,0,101,4,4,4,3,2,2,3,4,4,4,5.0,4,4,4,2.0,0,1
1,1.0,43.0,0,1,84,4,5,5,5,5,5,3,4,4,4,4.0,3,4,5,3.0,0,1
1,1.0,55.0,0,1,101,3,3,2,5,5,1,2,2,2,3,2.0,3,2,2,26.0,24,0
1,1.0,39.0,0,1,101,2,3,4,2,2,2,2,2,1,2,2.0,1,3,4,0.0,0,0
1,1.0,39.0,0,1,101,2,5,5,2,2,2,2,2,1,1,1.0,1,4,5,0.0,0,1
1,1.0,28.0,0,0,102,5,5,5,4,4,4,5,4,4,5,3.0,5,2,5,0.0,0,1
1,1.0,62.0,0,1,101,5,5,5,5,5,3,2,5,5,5,5.0,2,5,3,0.0,0,1
1,1.0,49.0,0,0,101,1,4,4,3,4,3,3,2,2,2,1.0,1,2,4,14.0,11,0
1,1.0,33.0,0,1,101,4,2,2,4,4,4,4,4,1,4,1.0,5,4,2,0.0,0,1
0,1.0,80.0,0,1,101,2,5,5,2,2,2,2,2,4,5,3.0,1,4,5,0.0,0,1
1,1.0,38.0,0,1,84,5,2,2,5,5,5,5,5,3,5,2.0,2,2,2,0.0,0,1
1,1.0,48.0,0,1,101,5,1,1,3,5,2,5,4,4,5,4.0,3,4,1,0.0,0,1
1,0.0,20.0,0,1,101,0,0,4,2,0,2,1,2,5,5,3.0,1,5,4,9.0,4,1
0,0.0,21.0,0,1,102,4,5,4,4,5,4,1,4,4,1,4.0,5,3,0,0.0,0,1
1,1.0,38.0,0,0,101,5,5,5,3,2,2,3,4,4,4,5.0,3,4,5,9.0,5,1
0,1.0,58.0,0,0,101,5,5,5,4,5,5,1,4,4,5,4.0,2,4,5,5.0,0,1
1,1.0,40.0,0,1,101,4,4,4,4,4,4,4,4,1,1,1.0,1,4,4,3.0,2,1
0,1.0,43.0,0,0,101,4,4,4,3,2,5,2,4,4,4,4.0,2,4,4,0.0,0,1
0,1.0,39.0,0,1,101,5,3,3,5,5,5,5,5,1,2,1.0,2,5,3,0.0,0,1
1,1.0,44.0,0,0,102,5,5,5,5,4,3,1,4,4,4,5.0,5,4,5,0.0,0,1
0,0.0,25.0,0,1,101,0,0,5,3,0,3,3,3,4,1,4.0,3,4,0,0.0,0,0
1,1.0,58.0,0,1,101,4,5,5,4,4,5,2,4,4,4,4.0,1,4,5,5.0,0,1
1,1.0,51.0,0,0,101,0,0,1,4,5,1,1,5,5,1,1.0,2,5,4,11.0,10,1
1,1.0,56.0,0,1,101,5,4,2,5,2,1,1,5,5,5,5.0,5,5,2,0.0,0,1
1,1.0,60.0,0,1,101,4,5,5,3,2,4,3,4,4,4,4.0,4,4,5,4.0,0,1
0,0.0,22.0,0,1,101,4,5,5,3,5,3,3,3,4,1,2.0,3,5,0,3.0,0,0
1,1.0,55.0,0,1,101,4,5,5,2,3,5,2,4,4,4,4.0,3,4,5,0.0,0,1
0,1.0,62.0,0,0,101,1,1,1,4,5,2,5,4,4,4,3.0,1,4,1,0.0,0,0
0,1.0,53.0,0,1,101,5,4,4,4,5,4,4,4,3,2,2.0,2,5,4,0.0,0,1
1,1.0,32.0,0,1,101,4,4,4,4,4,4,4,4,5,1,2.0,4,2,4,33.0,0,1
0,1.0,42.0,0,1,101,2,5,5,2,2,2,2,2,1,1,5.0,1,5,5,0.0,0,1
1,1.0,52.0,0,1,102,5,5,5,1,4,5,2,5,5,5,5.0,3,5,5,0.0,0,1
0,0.0,39.0,0,1,84,2,2,1,4,2,4,4,4,1,3,4.0,2,4,4,0.0,0,0
1,1.0,17.0,0,0,101,2,5,5,2,2,2,2,2,2,3,4.0,1,4,5,0.0,0,1
0,1.0,55.0,0,0,102,5,5,5,4,2,3,5,4,4,4,4.0,2,4,3,0.0,0,1
0,1.0,33.0,0,1,101,4,1,1,4,4,4,4,4,3,1,2.0,1,4,1,7.0,2,1
1,0.0,57.0,0,1,102,5,5,4,2,5,2,2,2,4,3,1.0,1,4,0,0.0,0,1
1,1.0,30.0,0,0,101,0,0,5,1,1,1,1,1,1,2,5.0,1,3,5,0.0,0,1
0,1.0,44.0,0,1,101,5,3,3,5,5,5,5,5,5,4,1.0,2,4,3,5.0,0,1
0,1.0,33.0,0,1,101,3,5,4,3,3,3,3,3,3,3,4.0,4,3,4,9.0,2,0
0,1.0,60.0,0,1,101,4,3,3,5,4,5,5,5,5,2,4.0,4,2,3,0.0,0,1
1,1.0,58.0,0,1,102,5,4,4,2,5,4,4,5,5,5,5.0,4,5,3,0.0,0,1
1,1.0,34.0,0,0,101,3,4,4,4,2,4,3,3,3,3,3.0,2,3,4,42.0,35,0
0,1.0,39.0,0,0,102,2,2,2,4,4,2,2,5,5,5,5.0,4,5,2,5.0,9,1
1,1.0,48.0,0,1,101,4,5,5,4,1,1,1,4,4,4,4.0,1,4,2,0.0,0,1
0,1.0,34.0,0,0,101,0,0,3,1,2,1,3,4,4,4,4.0,4,4,5,0.0,0,1
0,1.0,50.0,0,1,84,5,3,3,5,5,5,5,5,1,3,5.0,5,1,3,5.0,5,1
0,1.0,50.0,0,1,102,5,5,5,5,5,5,5,5,5,1,1.0,3,1,5,0.0,0,1
1,1.0,47.0,0,1,101,2,3,3,3,3,2,3,2,2,2,2.0,4,2,3,8.0,12,0
0,1.0,69.0,0,0,102,1,4,1,1,1,1,3,5,5,5,4.0,5,5,1,2.0,7,1
0,1.0,38.0,0,1,101,5,1,1,5,5,5,5,5,1,5,1.0,5,1,1,12.0,0,1
1,1.0,37.0,0,1,102,4,5,5,4,5,4,4,4,5,1,2.0,4,3,5,0.0,0,1
1,1.0,37.0,0,1,102,4,3,3,4,5,4,4,4,1,5,3.0,2,5,3,5.0,6,1
1,1.0,54.0,0,1,101,4,4,4,4,2,4,2,4,4,4,4.0,2,4,4,5.0,0,1
0,1.0,38.0,0,0,101,5,5,5,4,5,2,5,5,5,5,4.0,4,5,5,0.0,0,1
1,1.0,27.0,0,1,101,4,4,4,5,5,5,5,5,5,3,4.0,5,1,4,0.0,0,1
1,1.0,51.0,0,1,101,4,4,4,2,5,2,5,4,4,4,4.0,3,4,4,9.0,0,1
1,1.0,51.0,0,1,102,5,3,3,5,1,3,2,4,4,5,4.0,1,4,3,0.0,0,1
0,1.0,38.0,0,1,101,5,4,4,5,5,5,5,5,4,4,1.0,1,2,4,1.0,0,1
1,1.0,53.0,0,1,101,3,4,4,5,3,1,4,3,3,3,3.0,2,3,4,0.0,0,1
0,1.0,36.0,0,1,102,4,1,1,4,4,4,4,4,1,3,4.0,4,4,1,0.0,0,0
0,1.0,31.0,0,1,101,3,3,3,3,3,3,3,3,4,5,3.0,4,4,5,0.0,0,0
0,1.0,44.0,0,1,101,4,1,1,3,4,3,3,3,4,4,4.0,2,4,1,1.0,0,0
1,1.0,52.0,0,1,101,3,3,3,1,2,3,4,3,3,3,3.0,4,3,3,10.0,6,0
1,1.0,45.0,0,1,101,5,4,4,2,2,3,1,4,4,5,4.0,5,4,4,0.0,0,1
0,1.0,55.0,0,1,102,4,1,1,4,4,4,4,4,1,1,5.0,4,4,1,0.0,0,1
1,1.0,40.0,0,1,102,5,1,1,5,5,5,5,5,1,4,4.0,3,1,1,5.0,4,1
1,1.0,45.0,0,1,101,2,1,1,2,4,3,4,2,2,2,2.0,1,2,1,5.0,2,0
0,1.0,19.0,0,1,101,5,1,1,5,5,5,4,5,4,5,1.0,4,4,1,5.0,0,1
1,1.0,32.0,0,1,101,2,4,4,2,3,2,2,2,4,2,4.0,1,3,4,0.0,0,0
1,1.0,70.0,0,1,101,2,1,1,2,2,3,2,2,2,2,2.0,1,2,1,0.0,0,0
1,1.0,62.0,0,1,101,3,4,4,5,3,1,3,3,3,3,3.0,3,3,4,0.0,0,1
0,1.0,67.0,0,1,101,3,3,3,3,3,3,3,3,4,5,4.0,3,3,5,0.0,0,1
1,1.0,36.0,0,0,101,5,5,5,5,1,3,5,4,4,4,4.0,4,4,5,0.0,0,1
0,1.0,18.0,0,1,102,5,4,1,5,5,5,5,5,4,2,1.0,4,4,1,0.0,0,1
1,1.0,55.0,0,1,84,4,4,4,2,4,1,2,4,4,4,4.0,3,4,4,0.0,0,1
0,1.0,38.0,0,0,101,3,5,5,2,3,1,3,2,2,2,3.0,3,2,5,12.0,6,1
1,1.0,43.0,0,1,101,5,4,4,2,3,1,1,5,5,5,5.0,1,5,4,0.0,0,1
0,1.0,59.0,0,1,101,5,5,3,5,5,5,5,5,3,2,4.0,3,4,3,0.0,0,1
1,1.0,35.0,0,1,101,2,5,5,2,2,2,2,2,1,5,1.0,5,5,5,0.0,0,1
1,1.0,37.0,0,1,101,3,1,1,3,3,3,3,3,3,2,3.0,1,4,1,0.0,0,0
1,1.0,67.0,0,1,101,4,5,5,3,3,4,2,4,4,4,4.0,3,4,5,14.0,2,1
1,1.0,36.0,0,0,101,1,5,5,1,3,4,4,4,4,4,1.0,2,4,4,3.0,0,1
0,1.0,37.0,0,1,84,5,3,3,5,5,5,5,5,5,1,2.0,4,2,3,0.0,0,1
1,1.0,63.0,0,0,101,2,4,4,3,3,4,3,4,4,4,2.0,3,4,4,0.0,0,0
1,1.0,36.0,0,0,101,2,3,2,5,2,4,2,4,4,4,2.0,2,4,2,22.0,6,0
0,1.0,41.0,0,1,101,1,4,4,1,1,1,1,1,1,1,4.0,4,3,4,2.0,2,0
0,1.0,25.0,0,0,101,2,2,2,4,4,4,2,4,2,4,4.0,2,4,2,1.0,0,0
1,1.0,85.0,0,0,101,4,3,3,2,4,3,3,1,3,3,3.0,3,2,3,0.0,0,0
0,1.0,40.0,0,1,102,5,4,5,5,5,5,5,5,3,3,2.0,4,1,5,4.0,0,1
0,1.0,53.0,0,1,101,1,2,2,1,1,1,1,1,3,2,4.0,4,3,2,0.0,0,0
1,1.0,54.0,0,1,102,5,1,1,4,3,2,5,4,4,5,4.0,1,4,1,5.0,1,1
0,1.0,38.0,0,1,101,4,4,4,4,4,4,4,4,4,3,3.0,3,2,4,0.0,0,1
1,1.0,35.0,0,0,102,1,1,1,5,4,4,5,4,4,4,5.0,3,4,1,0.0,0,1
0,1.0,48.0,0,0,101,3,5,5,2,4,2,3,1,1,1,3.0,2,1,5,0.0,0,1
1,0.0,38.0,0,1,101,4,4,5,3,4,3,3,3,4,2,5.0,2,3,4,0.0,0,0
1,1.0,52.0,0,1,102,5,2,2,1,3,3,5,5,5,5,5.0,4,5,2,3.0,0,1
0,1.0,58.0,0,1,101,4,3,3,4,4,4,4,4,4,4,1.0,5,3,3,0.0,0,1
0,1.0,63.0,0,1,101,4,5,5,4,4,4,4,4,5,3,1.0,3,2,5,0.0,0,1
1,1.0,58.0,0,1,101,1,2,2,5,4,4,3,1,1,1,1.0,1,1,2,0.0,0,0
1,1.0,65.0,0,0,101,1,1,1,2,3,3,3,3,3,3,1.0,2,3,1,0.0,0,0
0,1.0,36.0,0,0,101,3,3,3,3,4,1,3,4,4,5,3.0,2,4,3,0.0,0,1
1,1.0,32.0,0,1,101,5,2,5,5,5,5,5,5,5,5,4.0,1,2,5,0.0,0,1
1,1.0,33.0,0,1,101,4,5,5,4,4,4,4,4,3,4,5.0,3,5,5,0.0,0,1
0,1.0,42.0,0,1,101,2,3,3,1,2,1,1,1,5,1,4.0,2,3,3,4.0,0,1
1,1.0,66.0,0,0,101,2,3,3,2,3,1,3,2,2,2,2.0,2,2,3,0.0,0,0
1,1.0,50.0,0,1,101,2,2,2,1,2,2,1,2,2,2,2.0,4,2,2,2.0,0,0
0,1.0,76.0,0,1,84,4,5,5,4,4,4,4,4,2,5,4.0,1,4,5,0.0,0,1
1,1.0,77.0,0,1,101,4,2,5,4,5,4,4,3,3,4,3.0,1,3,5,1.0,0,1
0,1.0,45.0,0,1,102,4,4,3,4,4,4,4,4,1,2,5.0,4,1,3,4.0,1,1
1,1.0,49.0,0,1,101,3,3,3,3,4,1,4,3,3,3,3.0,3,3,3,29.0,13,0
0,1.0,28.0,0,0,101,2,1,1,2,2,2,2,2,2,2,3.0,2,4,1,0.0,0,0
1,1.0,57.0,0,1,101,5,4,4,4,2,3,3,5,5,5,5.0,4,5,4,0.0,0,1
0,1.0,63.0,0,0,102,1,1,1,2,5,3,4,4,4,4,5.0,3,4,1,0.0,0,1
0,1.0,37.0,0,1,102,5,1,1,5,5,5,5,5,3,3,1.0,1,2,1,0.0,0,1
0,1.0,35.0,0,1,101,5,1,1,5,5,5,5,5,1,4,2.0,5,1,1,0.0,0,1
1,1.0,34.0,1,1,101,4,4,3,4,4,4,4,4,4,3,4.0,3,5,5,0.0,0,0
0,1.0,20.0,1,1,101,4,4,2,2,4,2,2,2,3,2,4.0,4,5,5,0.0,0,0
0,1.0,60.0,1,1,101,0,0,5,2,0,2,2,2,4,2,4.0,5,5,4,0.0,0,1
0,1.0,44.0,1,1,101,4,4,3,3,4,3,3,3,3,3,4.0,5,4,4,0.0,0,0
1,1.0,36.0,1,1,101,4,4,2,3,4,3,3,3,2,2,1.0,2,2,1,21.0,24,0
1,1.0,41.0,1,1,101,5,5,1,1,5,1,1,1,3,4,5.0,4,4,5,0.0,0,1
0,1.0,11.0,1,1,101,5,5,2,2,5,2,2,2,3,2,2.0,3,2,2,7.0,3,1
1,1.0,42.0,1,1,101,4,4,2,4,4,3,4,5,5,4,1.0,3,5,5,4.0,2,0
0,1.0,29.0,1,1,101,4,0,2,2,0,2,4,2,5,2,4.0,3,5,5,0.0,0,0
0,1.0,35.0,1,1,101,4,0,3,5,0,5,5,5,4,3,3.0,4,2,5,0.0,0,0
1,1.0,37.0,1,1,84,3,3,2,2,3,2,2,2,3,4,2.0,2,3,3,9.0,5,0
1,1.0,29.0,1,1,101,4,4,2,3,4,3,3,3,1,4,2.0,4,3,1,0.0,0,0
1,1.0,58.0,1,1,101,4,4,2,4,5,4,1,2,2,4,2.0,4,2,5,0.0,0,0
1,1.0,22.0,1,1,84,3,3,3,2,3,2,2,2,4,4,4.0,4,5,4,2.0,0,0
1,1.0,64.0,1,1,101,4,4,4,3,1,1,2,3,3,4,3.0,4,3,4,0.0,0,0
1,1.0,28.0,1,1,101,4,4,3,2,4,2,2,2,5,5,4.0,4,5,5,3.0,0,0
0,1.0,40.0,1,1,84,3,3,4,5,3,5,5,5,4,5,5.0,3,5,5,0.0,0,0
1,1.0,48.0,1,1,101,0,0,1,5,5,4,4,4,4,0,5.0,3,4,4,1.0,0,1
1,1.0,24.0,1,1,101,4,4,3,3,4,3,4,3,1,1,4.0,5,4,3,21.0,14,0
1,1.0,45.0,1,1,101,5,0,5,2,2,4,3,1,1,0,1.0,2,1,5,4.0,0,1
1,1.0,17.0,1,1,101,5,5,5,4,5,4,4,4,5,1,5.0,2,2,5,0.0,0,1
1,1.0,27.0,1,1,101,4,4,1,3,4,3,3,3,5,2,4.0,5,4,5,0.0,0,0
0,1.0,62.0,1,1,101,0,0,2,3,0,3,3,3,1,4,4.0,2,1,3,2.0,0,1
1,1.0,31.0,1,1,101,4,4,5,4,4,4,4,4,5,3,4.0,5,5,4,0.0,0,0
1,1.0,32.0,1,1,101,4,4,2,4,4,4,3,4,5,4,4.0,1,1,5,0.0,0,0
1,1.0,64.0,1,1,84,4,0,2,4,4,5,5,2,2,0,2.0,3,2,4,0.0,0,0
1,1.0,68.0,1,1,84,2,2,3,2,4,5,4,1,1,2,1.0,5,1,5,0.0,0,0
1,1.0,53.0,1,1,101,0,0,4,2,4,4,4,3,3,0,3.0,4,3,5,0.0,0,1
0,1.0,57.0,1,1,101,5,5,3,3,5,3,3,3,5,3,4.0,2,5,3,0.0,0,1
1,1.0,47.0,1,1,101,4,4,3,1,4,5,3,4,4,4,4.0,1,4,3,0.0,0,0
1,1.0,36.0,1,1,101,4,4,5,5,4,5,5,5,4,1,2.0,2,5,3,0.0,0,0
0,1.0,12.0,1,1,101,5,5,5,3,5,3,3,3,5,5,5.0,4,4,4,0.0,0,1
1,1.0,21.0,1,1,101,3,3,4,5,3,5,4,5,4,4,5.0,4,4,5,2.0,0,0
1,1.0,49.0,1,1,101,4,4,4,5,4,4,4,1,1,4,1.0,4,1,2,0.0,0,0
0,1.0,60.0,1,1,84,2,2,3,3,2,3,3,3,3,4,5.0,5,4,4,0.0,0,0
0,1.0,36.0,1,1,101,4,4,4,2,4,2,4,2,5,5,5.0,5,4,5,15.0,9,0
1,1.0,41.0,1,1,101,4,4,3,5,4,5,5,5,2,2,5.0,4,4,4,2.0,0,0
0,1.0,37.0,0,2,101,4,5,5,4,4,4,4,4,1,5,5.0,4,4,5,11.0,0,1
1,1.0,50.0,0,2,101,4,5,5,2,4,5,4,4,4,4,4.0,5,4,5,25.0,5,1
1,1.0,42.0,0,2,101,4,5,5,5,1,2,5,4,4,4,4.0,3,4,5,0.0,0,1
1,1.0,56.0,0,2,102,4,5,3,5,3,1,3,4,4,4,4.0,2,4,3,8.0,10,1
1,1.0,31.0,0,2,101,5,5,5,5,5,5,5,5,3,2,5.0,2,4,5,0.0,0,1
0,1.0,64.0,0,2,102,4,4,4,4,4,4,4,4,5,4,4.0,2,1,4,38.0,34,1
0,1.0,53.0,0,2,101,4,3,3,5,4,5,5,5,1,5,3.0,4,3,3,10.0,2,1
1,1.0,51.0,0,2,102,4,5,5,5,4,3,1,4,4,4,4.0,4,4,3,0.0,0,1
0,1.0,35.0,0,2,102,5,1,1,5,5,5,5,5,1,1,5.0,1,5,1,0.0,0,1
1,1.0,31.0,0,2,101,4,5,2,4,4,4,4,4,3,3,1.0,2,1,2,0.0,0,1
0,1.0,33.0,0,2,102,4,4,4,4,4,4,4,4,2,4,3.0,2,3,4,0.0,0,0
0,1.0,44.0,0,2,101,5,1,1,5,5,5,5,5,2,2,2.0,3,2,1,0.0,0,1
0,1.0,21.0,0,2,102,4,2,2,4,4,4,4,4,5,5,5.0,4,4,2,18.0,15,1
0,1.0,59.0,0,2,101,2,5,5,2,2,2,2,2,3,5,5.0,5,2,5,3.0,0,1
0,1.0,34.0,0,2,101,5,3,3,5,5,5,5,5,4,3,5.0,3,5,3,5.0,3,1
1,1.0,32.0,0,2,101,3,5,5,3,3,3,3,3,3,5,3.0,2,3,5,1.0,0,1
0,1.0,56.0,0,2,102,4,4,4,4,4,4,4,4,5,2,5.0,4,4,4,3.0,0,1
0,1.0,30.0,0,2,101,2,2,2,2,2,2,2,2,1,2,4.0,4,3,2,76.0,81,0
1,1.0,74.0,0,2,101,5,5,5,2,5,2,2,5,5,5,5.0,2,5,5,0.0,0,1
0,1.0,49.0,0,2,101,3,2,2,3,3,3,3,3,3,4,3.0,2,4,2,16.0,0,0
0,1.0,30.0,0,2,101,2,3,3,2,2,2,2,2,1,5,4.0,4,4,3,0.0,0,0
0,1.0,38.0,0,2,102,4,3,3,4,4,4,4,4,3,2,5.0,2,1,3,0.0,0,1
1,0.0,39.0,0,2,101,4,4,4,1,4,1,1,1,5,1,5.0,4,3,4,0.0,0,1
0,1.0,64.0,0,2,101,2,4,1,2,2,2,2,2,2,4,4.0,2,3,1,4.0,0,0
1,1.0,36.0,0,2,102,5,4,4,5,5,5,5,5,2,2,4.0,5,4,5,0.0,0,1
0,1.0,48.0,0,2,102,4,4,4,4,4,4,4,4,3,5,1.0,2,2,4,0.0,0,1
0,1.0,53.0,0,2,101,1,4,4,2,1,2,2,2,3,2,3.0,1,4,4,7.0,7,0
0,1.0,38.0,0,2,102,5,3,3,5,5,5,5,5,3,1,4.0,3,5,3,0.0,0,1
0,1.0,21.0,0,2,101,2,2,4,2,2,2,3,2,2,5,3.0,4,4,4,0.0,0,0
1,1.0,23.0,1,2,101,4,4,4,5,4,5,5,5,3,2,4.0,4,5,4,0.0,0,0
1,1.0,39.0,1,2,101,5,5,1,2,5,2,2,2,5,3,5.0,3,5,4,4.0,0,1
1,1.0,47.0,1,2,101,4,4,3,3,5,3,5,3,3,4,3.0,4,3,4,0.0,0,0
1,1.0,54.0,0,2,101,5,4,4,2,4,4,5,5,5,5,5.0,2,5,4,3.0,0,1
1,1.0,51.0,0,1,96,4,2,2,2,4,2,3,4,4,4,4.0,3,4,2,0.0,0,1
0,1.0,62.0,0,0,96,2,2,2,3,3,2,5,5,5,5,4.0,5,5,2,0.0,0,1
0,1.0,50.0,0,0,102,4,4,4,2,5,5,4,4,4,4,5.0,4,4,4,24.0,23,1
1,1.0,,0,0,102,2,2,2,4,4,4,5,5,5,5,5.0,4,5,2,0.0,0,1
0,0.0,26.0,0,0,102,0,0,1,4,0,4,4,4,3,3,5.0,5,4,0,0.0,0,1
1,1.0,56.0,0,0,102,5,5,5,3,4,4,4,4,4,4,4.0,4,4,4,31.0,34,1
0,1.0,43.0,0,0,102,1,1,1,5,5,5,4,5,5,5,4.0,5,5,1,0.0,0,1
1,1.0,46.0,0,0,67,3,3,3,4,5,5,4,4,4,4,4.0,5,4,3,0.0,0,1
0,1.0,43.0,0,0,67,2,4,2,5,4,1,3,4,4,4,5.0,3,4,2,4.0,5,1
1,0.0,26.0,0,1,67,3,3,4,5,3,5,5,5,1,3,4.0,4,4,2,0.0,0,0
0,1.0,60.0,0,0,67,4,4,4,3,4,5,5,5,5,5,4.0,5,5,4,49.0,35,1
1,1.0,50.0,0,0,67,4,4,4,4,5,4,5,5,5,5,4.0,4,5,4,0.0,0,1
1,0.0,25.0,0,0,67,1,1,5,3,1,3,3,3,4,4,4.0,5,4,0,0.0,0,0
1,1.0,69.0,0,0,67,2,2,2,1,3,4,3,3,3,3,2.0,1,3,2,8.0,7,0
1,1.0,56.0,0,0,67,1,4,4,1,1,3,1,3,3,3,1.0,4,3,4,0.0,0,0
1,0.0,36.0,0,0,67,2,2,3,1,2,1,1,1,4,5,5.0,4,5,2,0.0,3,0
1,1.0,51.0,0,0,67,3,3,3,2,4,4,4,4,4,4,5.0,5,4,3,0.0,10,1
1,0.0,23.0,0,1,67,5,5,5,5,5,5,5,5,2,5,5.0,5,5,0,6.0,15,1
1,1.0,54.0,0,1,67,5,5,5,3,2,3,3,5,5,5,5.0,4,5,5,92.0,84,1
1,1.0,57.0,0,0,67,0,0,1,5,5,2,3,5,5,5,5.0,3,5,5,0.0,0,1
1,1.0,33.0,0,1,67,0,1,4,4,1,4,4,4,4,2,1.0,2,2,1,13.0,0,1
1,1.0,31.0,0,0,67,4,4,4,3,4,3,5,3,1,2,5.0,2,5,4,10.0,20,1
0,0.0,21.0,0,1,67,3,3,4,4,3,4,2,4,4,1,5.0,2,3,0,3.0,8,0
0,1.0,32.0,0,1,67,4,4,4,4,4,4,4,4,5,2,5.0,3,4,4,72.0,68,1
1,1.0,39.0,0,1,67,5,1,1,5,5,5,5,1,5,3,4.0,5,5,1,410.0,358,1
0,1.0,32.0,0,1,67,5,4,4,5,5,5,5,5,5,4,3.0,5,1,4,0.0,0,1
1,1.0,38.0,0,1,67,5,4,4,5,5,5,5,5,5,3,3.0,1,2,4,0.0,0,1
1,0.0,85.0,0,0,67,4,4,3,4,4,4,4,2,1,5,4.0,4,4,4,0.0,0,0
0,1.0,55.0,0,0,67,5,5,5,1,2,2,1,5,5,5,5.0,5,5,5,12.0,10,1
0,1.0,55.0,0,0,67,4,4,4,4,2,1,2,4,4,4,3.0,5,4,4,0.0,0,1
0,1.0,47.0,0,0,67,5,5,5,3,1,2,1,4,4,4,5.0,1,4,5,0.0,0,1
1,1.0,48.0,0,1,67,5,2,4,5,1,1,2,5,5,5,5.0,5,5,4,8.0,0,1
1,1.0,60.0,0,0,67,4,2,2,5,4,3,3,3,3,3,4.0,3,3,2,6.0,9,0
1,0.0,59.0,0,1,67,3,3,4,2,3,2,2,2,1,3,,1,3,1,55.0,57,0
0,0.0,57.0,0,1,67,3,4,2,1,4,1,1,1,2,3,2.0,2,2,3,36.0,48,0
0,0.0,29.0,0,1,67,4,4,2,2,4,2,2,2,3,4,4.0,1,5,3,0.0,0,0
1,1.0,39.0,0,1,67,3,2,2,3,3,3,3,3,4,2,4.0,4,3,2,26.0,35,0
1,0.0,55.0,0,1,67,3,3,4,1,3,1,1,1,2,2,,2,3,1,12.0,3,0
1,0.0,25.0,0,1,67,1,1,2,4,1,4,4,4,1,2,1.0,1,2,2,0.0,0,0
1,0.0,36.0,0,1,67,1,1,3,1,1,1,1,1,4,1,3.0,1,4,2,0.0,0,0
0,0.0,20.0,0,1,67,5,5,5,5,5,5,5,5,3,3,5.0,3,3,0,0.0,0,1
0,1.0,49.0,0,1,67,4,5,5,4,4,4,4,4,4,2,2.0,1,1,5,0.0,0,1
0,1.0,27.0,0,0,67,0,0,3,3,1,3,1,3,2,2,1.0,2,1,5,8.0,0,1
0,1.0,52.0,0,1,67,1,1,1,1,1,1,1,1,3,4,4.0,2,3,1,0.0,0,0
0,0.0,19.0,0,0,67,0,0,4,4,0,4,4,4,1,4,4.0,5,1,3,0.0,0,1
0,1.0,58.0,1,1,67,1,1,3,1,1,1,1,1,5,3,5.0,5,5,5,15.0,16,0
0,1.0,61.0,1,1,67,2,2,3,5,2,5,5,5,3,2,4.0,5,5,5,64.0,71,0
0,1.0,15.0,1,1,67,1,1,4,3,1,3,3,3,4,5,4.0,3,4,4,0.0,0,0
1,1.0,58.0,1,1,67,1,1,4,1,3,2,3,4,4,1,2.0,2,4,3,69.0,49,0
1,1.0,66.0,1,1,67,1,1,3,2,5,3,4,5,5,1,5.0,5,5,5,0.0,0,0
1,1.0,43.0,1,1,67,1,1,3,3,5,3,4,4,4,1,4.0,5,4,4,0.0,0,0
1,1.0,43.0,1,1,67,3,3,4,3,4,3,4,4,4,3,4.0,4,4,5,0.0,0,0
0,1.0,52.0,1,1,67,3,3,4,5,3,5,5,5,5,2,4.0,4,4,5,0.0,0,0
0,1.0,14.0,1,1,67,3,3,1,1,3,1,1,1,4,5,5.0,5,4,5,0.0,0,0
0,1.0,8.0,1,1,67,1,1,2,2,1,2,2,2,4,4,4.0,3,5,5,38.0,23,0
0,1.0,42.0,1,1,67,3,3,4,5,3,5,5,5,3,1,3.0,1,4,1,5.0,0,0
0,1.0,69.0,1,1,67,2,2,3,4,2,4,4,4,1,4,4.0,1,4,2,60.0,63,0
0,1.0,34.0,1,1,67,1,1,3,1,5,5,5,4,5,5,4.0,5,3,4,194.0,202,0
1,1.0,27.0,1,1,67,5,5,4,4,5,4,4,4,4,3,5.0,5,5,4,0.0,0,1
0,1.0,42.0,1,1,67,1,1,4,2,1,2,1,2,3,5,4.0,4,5,5,0.0,0,0
0,1.0,33.0,1,1,67,3,3,4,4,3,4,4,4,3,5,4.0,4,4,5,0.0,7,0
1,1.0,60.0,1,1,67,1,1,4,3,4,3,4,3,3,1,3.0,3,3,4,13.0,0,0
1,1.0,57.0,1,1,67,1,1,3,3,4,5,4,5,5,1,5.0,4,5,5,7.0,8,0
0,1.0,49.0,1,1,67,1,1,4,1,1,1,1,1,3,2,4.0,4,4,4,8.0,13,0
0,1.0,25.0,1,1,67,2,2,2,5,2,5,1,5,4,5,5.0,5,5,5,8.0,9,0
1,1.0,17.0,1,1,67,1,1,4,2,1,2,2,2,4,4,4.0,4,4,5,11.0,3,0
0,1.0,9.0,1,1,67,3,3,3,4,3,4,4,4,4,2,4.0,4,5,5,66.0,46,0
0,1.0,27.0,1,1,67,2,2,3,4,2,4,4,4,3,3,5.0,3,4,5,15.0,6,0
1,1.0,49.0,1,1,67,2,2,1,5,4,3,5,5,5,2,5.0,4,5,5,0.0,0,0
1,1.0,55.0,1,1,67,2,0,2,3,4,5,4,3,3,0,3.0,5,3,4,0.0,0,0
1,1.0,33.0,1,1,67,2,2,4,4,2,4,4,4,5,4,5.0,4,4,5,0.0,0,0
1,1.0,38.0,1,1,67,1,1,1,1,1,1,1,1,3,5,4.0,4,5,5,0.0,0,0
1,1.0,35.0,0,2,67,4,2,2,4,4,4,4,4,1,2,2.0,2,2,2,10.0,4,1
1,1.0,33.0,0,2,67,5,3,3,5,5,5,5,5,5,5,3.0,4,5,3,41.0,42,1
1,1.0,43.0,0,2,67,4,4,4,1,2,2,5,4,4,4,4.0,4,4,4,3.0,1,1
0,1.0,75.0,0,2,67,3,3,3,3,3,3,3,3,3,3,4.0,1,4,3,0.0,0,0
1,1.0,20.0,1,2,67,2,2,4,2,4,4,4,3,3,4,5.0,4,3,5,232.0,228,0
1,1.0,65.0,1,2,67,1,1,3,3,2,3,3,3,3,1,3.0,4,3,3,17.0,0,0
1,1.0,34.0,1,2,67,1,1,1,4,1,4,4,4,4,2,4.0,4,5,4,20.0,18,0
1,1.0,48.0,1,2,67,1,1,2,4,5,4,5,3,3,1,3.0,1,3,5,0.0,0,0
0,1.0,48.0,1,2,67,3,3,3,3,3,3,3,3,5,2,4.0,5,4,5,43.0,17,0
1,1.0,55.0,1,2,67,3,3,3,2,4,3,4,2,2,3,2.0,3,2,5,0.0,0,0
0,1.0,42.0,0,0,95,2,1,1,5,4,4,3,4,4,4,2.0,4,4,1,6.0,25,0
0,1.0,42.0,0,2,102,4,2,5,5,4,5,5,5,4,2,1.0,2,5,5,22.0,21,1
1,1.0,51.0,0,0,76,3,3,3,5,5,5,5,4,4,4,5.0,5,4,3,6.0,6,1
0,1.0,37.0,0,1,76,2,5,5,2,2,2,2,2,5,3,3.0,2,3,5,0.0,0,1
1,1.0,54.0,0,0,67,1,5,5,4,4,3,3,4,4,4,1.0,1,4,5,16.0,36,0
1,1.0,43.0,0,1,67,5,4,1,3,5,4,2,5,5,5,5.0,3,5,1,0.0,0,1
0,1.0,51.0,1,1,67,2,2,1,5,2,5,5,5,5,4,5.0,4,5,5,18.0,3,0
0,1.0,46.0,1,1,67,1,1,2,2,1,2,2,2,3,4,4.0,4,4,4,0.0,0,0
1,1.0,64.0,1,1,67,2,2,1,5,5,3,5,3,3,2,4.0,5,3,5,11.0,0,0
1,1.0,35.0,1,2,67,2,2,4,4,2,4,4,4,4,4,2.0,4,5,4,0.0,0,0
0,1.0,35.0,1,0,74,2,0,2,2,4,3,4,3,3,0,2.0,4,3,5,36.0,12,0
1,1.0,57.0,0,1,74,4,4,4,1,1,1,1,4,4,4,4.0,4,4,4,0.0,0,1
1,0.0,41.0,0,0,74,4,5,2,4,5,4,4,4,1,5,4.0,3,2,5,0.0,0,1
0,1.0,40.0,0,0,98,1,1,1,5,2,5,5,5,5,5,4.0,1,5,1,0.0,0,1
1,1.0,69.0,0,1,74,3,5,5,4,3,2,4,3,3,3,3.0,1,3,5,48.0,52,1
0,0.0,47.0,0,1,74,3,3,4,3,3,3,3,3,3,3,,1,4,1,44.0,54,0
0,1.0,53.0,1,1,98,3,3,4,5,3,5,3,5,4,5,5.0,5,5,4,56.0,45,0
0,1.0,39.0,1,1,98,3,0,1,2,0,2,1,2,4,2,4.0,4,5,5,4.0,0,0
1,1.0,59.0,1,1,74,3,3,1,5,3,4,1,3,3,3,4.0,5,3,4,0.0,0,0
1,1.0,57.0,0,2,98,4,3,3,2,2,5,5,4,4,4,4.0,3,4,3,0.0,0,1
1,1.0,28.0,1,2,98,4,0,3,1,0,1,1,1,3,4,5.0,5,5,5,11.0,0,0
1,1.0,64.0,0,1,84,3,2,2,2,5,1,4,4,4,3,4.0,1,4,2,16.0,10,1
0,0.0,36.0,0,1,84,2,2,4,3,2,3,5,3,5,4,5.0,1,1,0,0.0,6,0
0,1.0,37.0,0,1,84,2,4,5,2,1,2,2,2,3,2,3.0,1,3,5,0.0,2,1
0,1.0,48.0,1,1,84,2,2,3,5,2,5,5,5,4,2,5.0,5,4,4,0.0,0,0
1,1.0,23.0,1,1,84,1,1,1,4,1,4,4,4,4,5,2.0,2,3,3,0.0,0,0
0,0.0,23.0,0,1,67,0,0,2,2,0,2,2,2,3,2,5.0,3,4,0,72.0,70,1
0,1.0,51.0,0,0,67,1,1,1,2,4,5,5,4,4,4,4.0,3,4,1,107.0,116,1
0,1.0,46.0,0,0,67,1,1,1,2,5,5,4,4,4,4,5.0,5,4,1,9.0,0,1
0,1.0,63.0,1,0,67,2,2,3,2,5,5,4,3,3,2,3.0,3,3,5,65.0,61,0
1,0.0,25.0,0,1,67,3,2,4,4,2,4,4,4,2,3,5.0,4,1,0,1.0,0,0
0,1.0,57.0,0,1,67,3,5,5,3,3,3,3,3,1,5,4.0,3,3,5,0.0,0,1
1,0.0,29.0,0,1,67,5,5,1,5,5,5,5,5,4,2,2.0,4,3,5,66.0,76,1
0,0.0,40.0,0,1,67,0,0,2,5,0,5,5,5,3,4,1.0,3,1,0,0.0,0,1
1,1.0,38.0,0,1,67,4,1,1,4,4,4,4,4,3,2,4.0,4,4,1,1.0,11,0
0,1.0,54.0,0,0,67,4,4,4,3,3,1,1,5,5,5,4.0,1,5,4,0.0,3,1
0,1.0,31.0,0,1,67,0,0,3,4,0,4,1,4,3,3,5.0,5,2,0,42.0,45,1
1,1.0,53.0,0,0,67,3,3,3,2,5,1,1,5,5,5,5.0,1,5,3,0.0,0,1
0,1.0,50.0,0,1,67,4,1,1,4,4,4,4,4,1,5,2.0,3,3,1,21.0,0,0
0,1.0,33.0,0,1,67,4,5,5,4,5,4,4,4,3,3,1.0,4,3,5,0.0,0,1
1,0.0,35.0,0,1,67,3,3,3,1,3,1,1,1,2,5,3.0,2,4,1,7.0,4,0
1,0.0,33.0,0,1,67,2,2,1,5,2,5,3,5,3,5,1.0,4,5,0,0.0,0,0
0,1.0,38.0,0,1,67,4,5,5,4,4,4,4,4,3,5,4.0,2,2,5,0.0,0,1
0,0.0,56.0,0,1,67,2,2,5,1,2,1,1,1,2,2,3.0,4,1,0,0.0,0,0
1,0.0,20.0,0,1,67,4,4,3,5,4,5,5,5,4,4,4.0,4,4,3,4.0,9,0
1,1.0,38.0,0,0,67,4,1,1,1,3,4,4,3,3,2,4.0,4,3,1,103.0,26,0
0,0.0,35.0,0,1,67,1,1,3,1,1,1,1,1,4,3,3.0,3,3,2,56.0,49,0
0,1.0,45.0,0,0,67,3,5,5,3,4,1,4,3,3,3,3.0,1,3,5,56.0,53,1
1,0.0,33.0,0,1,67,2,1,4,3,1,3,3,3,1,1,3.0,2,4,0,105.0,79,0
0,0.0,25.0,0,1,67,2,2,1,1,2,1,3,1,2,5,2.0,1,1,4,61.0,31,0
1,0.0,56.0,0,1,67,2,2,3,3,2,3,3,3,3,5,2.0,3,1,0,16.0,0,0
0,0.0,30.0,0,1,67,3,3,4,4,3,4,4,4,5,1,3.0,2,1,3,1.0,10,0
1,0.0,55.0,0,1,67,1,0,4,2,0,2,2,2,1,1,4.0,2,4,1,28.0,37,0
1,0.0,26.0,0,1,67,4,4,2,5,4,5,5,5,1,5,1.0,5,5,5,10.0,11,0
0,1.0,59.0,0,0,67,5,5,5,2,2,1,5,4,4,4,5.0,2,4,5,48.0,55,1
0,0.0,20.0,0,0,67,2,2,4,4,2,4,3,4,2,2,4.0,3,4,2,36.0,11,0
0,1.0,58.0,1,1,67,3,0,1,2,0,2,5,2,3,5,4.0,4,4,4,12.0,20,0
1,1.0,64.0,1,1,67,2,2,3,4,4,4,5,3,3,2,3.0,4,3,5,0.0,0,0
0,1.0,13.0,1,1,67,1,0,1,4,0,4,4,4,5,4,4.0,3,4,4,0.0,0,0
1,1.0,7.0,1,1,67,1,1,1,2,1,2,4,2,4,3,4.0,5,5,4,0.0,7,0
1,1.0,14.0,1,1,67,5,5,4,4,5,4,4,4,1,3,2.0,5,2,5,0.0,0,1
0,1.0,70.0,1,1,67,3,3,2,1,3,1,1,1,3,3,4.0,5,5,5,0.0,0,0
1,1.0,43.0,1,1,67,2,2,4,1,4,2,2,4,4,2,4.0,5,4,3,38.0,29,0
0,1.0,18.0,1,1,67,3,3,4,3,3,3,3,3,5,3,5.0,5,4,3,0.0,2,0
0,1.0,7.0,1,1,67,2,2,4,5,2,5,5,5,4,4,5.0,4,5,5,29.0,28,0
0,1.0,39.0,1,1,67,3,0,2,2,0,2,5,2,3,2,5.0,5,5,4,20.0,19,0
0,1.0,31.0,1,1,67,2,2,5,4,2,4,4,4,3,5,5.0,4,4,5,17.0,0,0
0,1.0,36.0,1,1,67,3,3,4,2,3,2,2,2,5,4,5.0,5,4,5,78.0,69,0
0,1.0,12.0,1,1,67,3,3,1,3,3,3,3,3,3,3,4.0,5,4,5,90.0,81,0
1,1.0,19.0,1,1,67,2,2,3,1,2,1,1,1,4,2,5.0,4,4,4,70.0,82,0
1,1.0,66.0,1,1,67,2,0,1,2,4,4,4,3,3,0,2.0,3,3,4,10.0,10,0
0,1.0,48.0,1,1,67,1,1,3,5,1,5,5,5,4,1,2.0,1,2,3,0.0,0,0
1,1.0,7.0,1,1,67,4,4,5,4,4,4,4,4,3,5,4.0,3,4,5,5.0,0,0
1,1.0,16.0,1,1,67,3,3,1,5,3,5,5,5,4,5,5.0,5,4,5,14.0,18,0
1,1.0,70.0,1,1,67,5,5,1,3,5,5,4,1,1,5,1.0,4,1,4,0.0,0,1
0,1.0,25.0,1,1,67,4,4,1,4,4,4,4,4,4,5,4.0,5,4,4,0.0,0,0
1,1.0,65.0,1,1,67,3,0,1,1,2,4,2,5,5,0,5.0,1,5,1,12.0,0,0
1,1.0,20.0,1,1,67,3,3,1,5,3,5,5,5,3,4,4.0,3,4,4,0.0,0,0
0,1.0,26.0,1,1,67,2,2,5,4,2,4,4,4,4,3,5.0,5,5,5,0.0,0,0
0,1.0,40.0,0,2,67,4,5,5,4,4,4,4,4,2,1,1.0,4,4,4,4.0,0,1
0,1.0,53.0,0,2,67,4,3,3,4,4,4,4,4,2,2,3.0,1,1,3,10.0,7,1
1,0.0,39.0,0,2,67,2,2,3,4,2,4,5,4,5,2,2.0,1,2,2,0.0,0,0
1,1.0,72.0,0,2,67,2,3,5,2,3,3,4,3,3,2,3.0,4,3,5,18.0,28,0
0,1.0,85.0,0,2,67,1,3,3,1,1,1,1,2,5,4,3.0,1,4,3,8.0,0,1
1,1.0,35.0,0,2,67,5,2,2,5,5,5,5,5,1,3,5.0,2,2,2,5.0,8,1
0,1.0,39.0,1,2,67,2,2,3,2,2,2,2,2,3,5,3.0,3,3,1,0.0,0,0
0,1.0,60.0,1,2,67,1,1,3,5,1,5,5,5,5,3,4.0,5,5,5,16.0,25,0
1,1.0,28.0,1,2,67,2,2,3,4,2,4,4,4,1,5,4.0,3,4,3,0.0,0,0
0,1.0,49.0,0,0,84,4,3,4,1,2,3,5,5,5,5,3.0,4,5,4,0.0,0,1
1,0.0,20.0,0,1,84,3,3,2,4,3,4,5,4,2,5,5.0,2,2,0,0.0,0,0
0,1.0,53.0,0,2,84,5,2,2,5,5,5,5,5,1,5,2.0,4,3,2,9.0,15,1
1,1.0,53.0,0,0,102,1,1,1,2,5,3,5,4,4,4,4.0,4,4,1,1.0,0,1
1,0.0,33.0,0,0,73,4,4,5,4,4,4,4,4,5,2,5.0,4,4,4,0.0,0,0
0,1.0,47.0,0,0,73,2,2,2,3,4,4,4,4,4,4,5.0,3,4,2,66.0,71,1
1,0.0,26.0,0,0,73,1,1,3,4,1,4,4,4,1,1,3.0,1,4,2,0.0,0,0
1,0.0,20.0,0,1,73,2,2,4,2,2,2,2,2,3,3,3.0,1,4,4,0.0,0,0
0,1.0,45.0,0,0,73,4,3,2,2,4,1,4,4,4,4,4.0,1,4,2,87.0,87,0
1,1.0,46.0,1,0,73,3,3,2,2,4,3,5,1,1,3,1.0,3,1,5,13.0,17,0
0,1.0,54.0,0,1,73,4,4,4,4,4,4,4,4,4,4,5.0,1,1,1,0.0,0,1
1,1.0,53.0,0,1,73,4,3,3,1,5,5,4,4,4,4,4.0,5,4,3,13.0,17,1
0,1.0,39.0,0,1,73,5,1,1,5,5,5,5,5,2,1,2.0,1,1,1,0.0,0,1
0,0.0,41.0,0,1,73,1,1,1,1,1,1,1,1,1,3,1.0,2,2,0,0.0,0,0
1,1.0,44.0,0,1,73,2,4,4,5,3,3,2,2,2,2,2.0,3,2,4,0.0,0,1
0,1.0,40.0,0,1,73,5,3,3,5,5,5,5,5,2,3,1.0,1,3,3,0.0,0,1
1,0.0,35.0,0,1,73,3,3,4,3,3,3,3,3,1,1,2.0,4,3,0,23.0,31,0
1,1.0,,0,1,73,5,5,5,5,5,5,5,5,3,3,5.0,1,4,5,25.0,15,1
0,0.0,27.0,0,1,73,1,1,4,1,1,1,1,2,5,1,3.0,1,5,0,143.0,145,0
0,1.0,52.0,0,1,73,2,5,5,2,2,2,2,2,4,3,3.0,1,1,5,0.0,0,1
0,0.0,55.0,0,1,73,5,5,4,5,2,2,2,4,4,3,2.0,2,3,0,136.0,151,1
1,1.0,41.0,0,1,73,5,1,1,5,5,5,5,5,2,1,1.0,2,1,1,82.0,56,1
0,1.0,53.0,0,1,73,4,3,3,4,4,4,4,4,4,3,5.0,2,2,3,0.0,0,1
0,1.0,39.0,0,1,73,4,4,5,4,4,4,4,4,5,3,4.0,4,3,5,41.0,28,1
0,1.0,71.0,0,1,73,5,5,1,5,5,5,5,5,1,4,5.0,1,2,1,5.0,0,1
0,1.0,69.0,0,0,73,2,2,2,1,2,2,2,2,3,4,3.0,2,3,2,586.0,565,0
1,1.0,57.0,0,1,73,5,4,1,3,3,3,4,5,5,5,5.0,3,5,1,0.0,0,1
1,1.0,48.0,0,0,102,3,3,3,5,4,3,4,4,4,5,4.0,5,4,3,0.0,0,1
0,0.0,36.0,0,1,73,2,2,4,2,2,2,2,2,1,5,3.0,2,3,2,14.0,18,0
1,0.0,47.0,0,1,73,1,1,3,1,1,1,1,1,1,2,3.0,3,2,1,0.0,0,0
0,1.0,56.0,0,0,73,4,4,4,4,5,5,3,5,5,5,4.0,2,5,4,0.0,0,1
1,0.0,20.0,0,1,73,1,1,2,3,1,3,2,3,4,1,3.0,1,2,0,17.0,0,0
0,1.0,41.0,0,0,73,3,3,3,2,5,5,5,4,4,4,5.0,1,4,3,0.0,0,1
0,0.0,29.0,0,1,73,3,3,4,3,3,3,3,3,2,3,4.0,1,3,4,2.0,0,0
0,1.0,30.0,0,0,73,4,1,1,2,2,2,4,2,2,1,4.0,1,3,1,0.0,0,0
1,0.0,24.0,0,1,73,4,4,1,2,4,2,2,2,2,5,5.0,1,4,0,0.0,0,1
0,1.0,35.0,1,1,73,5,0,3,2,0,2,2,2,1,1,3.0,3,3,4,0.0,0,1
0,1.0,18.0,1,1,73,3,0,1,4,0,4,4,4,5,4,5.0,5,4,4,120.0,110,0
1,1.0,31.0,1,1,73,1,1,4,3,1,3,3,3,4,5,3.0,3,4,2,20.0,0,0
0,1.0,28.0,1,1,73,2,2,4,3,2,3,3,3,4,3,4.0,2,3,2,0.0,0,0
0,1.0,16.0,1,1,73,3,3,1,3,3,3,3,3,3,5,4.0,3,4,5,0.0,0,0
0,1.0,70.0,1,1,73,4,0,4,4,0,4,4,4,3,3,4.0,4,5,4,72.0,53,0
1,1.0,44.0,1,1,73,2,2,3,4,3,1,4,1,1,2,1.0,2,1,3,32.0,0,0
0,1.0,42.0,1,1,73,1,1,1,3,1,3,2,3,4,4,5.0,2,5,3,0.0,0,0
0,1.0,7.0,1,1,73,1,0,1,4,0,4,4,4,3,2,3.0,3,4,5,84.0,69,0
1,1.0,36.0,1,1,73,3,3,4,4,3,4,1,4,3,4,4.0,1,4,1,15.0,18,0
0,1.0,58.0,1,1,73,1,1,3,3,1,3,3,3,2,3,5.0,4,3,5,0.0,0,0
0,1.0,10.0,1,1,73,2,2,1,3,2,3,3,3,4,4,1.0,3,3,4,115.0,110,0
0,1.0,41.0,1,1,73,3,3,4,2,3,2,2,2,5,3,5.0,5,4,5,0.0,0,0
1,1.0,55.0,1,1,73,3,3,1,3,2,5,1,1,1,3,1.0,4,1,5,0.0,1,0
1,1.0,41.0,1,1,73,1,1,1,4,1,4,4,4,2,4,1.0,1,2,1,18.0,0,0
1,1.0,53.0,1,1,73,4,0,1,4,4,5,4,1,1,0,1.0,4,1,4,0.0,0,0
0,1.0,45.0,1,1,73,3,3,3,2,3,2,2,2,1,3,2.0,4,2,1,0.0,0,0
1,1.0,53.0,1,1,73,1,1,3,4,5,4,5,4,4,1,4.0,3,4,4,0.0,0,0
0,1.0,53.0,1,1,73,2,0,1,3,0,3,1,3,3,3,4.0,5,4,5,0.0,0,0
1,1.0,29.0,1,1,73,2,2,1,2,3,3,3,4,5,2,2.0,3,2,1,184.0,141,0
1,1.0,47.0,1,1,73,2,2,3,3,2,2,2,5,5,2,5.0,2,5,1,79.0,64,0
1,1.0,70.0,1,1,73,2,2,2,1,5,2,3,2,2,2,1.0,5,2,5,124.0,113,0
0,1.0,46.0,0,2,73,5,2,2,5,5,5,5,5,4,3,3.0,4,3,2,0.0,0,1
1,1.0,36.0,0,2,73,1,3,3,1,1,1,1,1,2,3,3.0,4,3,3,11.0,0,0
1,1.0,43.0,0,2,73,4,4,4,4,3,2,2,4,4,4,4.0,3,4,4,0.0,0,1
1,1.0,43.0,0,2,73,2,3,3,2,3,4,4,3,3,2,3.0,2,3,3,0.0,0,0
0,1.0,71.0,0,2,73,3,4,2,2,3,2,2,2,2,3,4.0,4,3,2,55.0,16,0
1,1.0,53.0,1,2,73,2,2,4,2,4,3,5,1,1,2,1.0,5,1,5,54.0,54,0
1,1.0,56.0,0,0,89,1,1,1,4,5,4,5,4,4,4,4.0,4,4,1,0.0,0,1
1,1.0,60.0,0,1,101,5,2,1,2,3,1,5,5,5,5,5.0,4,5,1,0.0,0,1
1,1.0,43.0,0,0,89,4,1,4,3,5,5,4,4,4,4,5.0,4,4,4,0.0,0,1
0,1.0,38.0,0,0,100,5,5,5,2,2,4,4,4,4,4,4.0,4,4,5,0.0,0,1
0,0.0,55.0,0,0,89,2,2,4,3,2,3,3,3,3,2,4.0,3,4,2,0.0,0,0
1,1.0,60.0,0,0,89,1,4,1,3,5,5,5,4,4,4,4.0,3,4,1,0.0,0,1
0,1.0,42.0,0,0,77,5,5,5,5,5,5,4,4,4,4,5.0,4,4,5,0.0,0,1
1,1.0,,0,0,78,3,3,3,5,5,3,4,5,5,5,5.0,5,5,3,24.0,32,1
0,1.0,39.0,0,0,86,5,5,5,2,4,4,5,5,5,5,4.0,3,5,5,0.0,0,1
1,0.0,22.0,0,1,56,1,1,3,5,1,5,5,5,3,5,5.0,4,4,5,16.0,0,0
1,1.0,54.0,0,0,89,4,4,4,4,4,5,5,5,5,5,5.0,5,5,1,0.0,5,1
1,1.0,59.0,0,0,86,0,0,5,2,5,3,5,1,1,1,1.0,4,1,4,3.0,8,1
1,0.0,37.0,0,0,77,1,2,4,1,2,1,1,1,2,1,3.0,1,4,2,58.0,59,0
1,1.0,57.0,0,0,86,0,0,4,4,4,3,4,1,1,1,1.0,3,1,5,28.0,20,1
0,1.0,49.0,0,0,89,2,2,2,3,4,3,4,4,4,4,4.0,4,4,2,0.0,0,1
1,1.0,39.0,0,0,86,3,1,1,1,3,1,3,1,1,1,3.0,1,1,1,79.0,75,0
1,1.0,39.0,0,0,56,2,5,5,5,5,5,4,2,2,2,5.0,5,2,5,0.0,0,1
0,0.0,26.0,0,0,86,2,1,3,1,1,1,1,1,3,4,4.0,2,4,2,5.0,16,0
0,0.0,39.0,0,0,89,4,4,3,4,4,4,4,4,4,2,3.0,3,3,4,0.0,0,0
0,1.0,48.0,0,0,89,4,4,4,4,4,5,5,4,4,4,4.0,4,4,4,16.0,19,1
1,1.0,10.0,1,0,56,4,4,3,5,4,5,5,5,3,5,4.0,2,4,3,2.0,5,0
1,1.0,16.0,1,0,78,1,1,3,3,1,3,3,3,3,4,5.0,5,5,5,0.0,0,0
0,1.0,50.0,1,0,89,4,0,1,2,5,3,5,4,4,0,4.0,5,4,4,14.0,23,0
1,1.0,59.0,1,0,86,4,4,4,5,4,1,4,4,4,4,4.0,4,4,4,0.0,0,0
0,1.0,49.0,1,0,86,5,5,1,4,2,1,2,1,1,5,1.0,3,1,2,12.0,14,1
0,1.0,65.0,1,0,86,1,1,3,1,4,4,3,2,2,1,2.0,2,2,5,120.0,114,0
0,1.0,7.0,1,0,86,3,3,2,1,3,1,1,1,4,2,5.0,4,5,4,0.0,4,0
0,1.0,15.0,1,0,89,3,3,3,4,3,4,4,4,4,4,5.0,4,5,5,0.0,0,0
0,1.0,67.0,1,0,86,4,4,2,5,4,4,4,4,4,4,4.0,5,4,4,0.0,0,0
1,1.0,66.0,1,0,86,3,3,5,3,5,4,4,5,5,3,5.0,5,5,5,0.0,0,0
0,1.0,67.0,1,0,86,3,3,3,4,4,3,4,3,3,3,3.0,4,3,4,0.0,0,0
0,0.0,38.0,0,1,86,4,4,3,5,4,5,5,5,3,3,2.0,5,5,0,0.0,0,0
0,1.0,55.0,0,0,89,1,1,1,2,4,2,3,3,3,4,3.0,3,3,1,59.0,49,0
0,0.0,20.0,0,1,89,2,2,4,2,2,2,2,2,5,1,3.0,1,3,5,2.0,0,0
0,0.0,63.0,0,1,89,1,1,5,5,1,5,5,5,5,1,4.0,4,3,0,9.0,0,0
1,1.0,23.0,0,0,77,2,2,2,4,4,4,5,4,5,1,3.0,1,4,2,0.0,0,1
1,1.0,39.0,0,0,89,3,3,3,3,3,5,5,5,5,4,3.0,3,5,3,81.0,93,1
0,1.0,42.0,0,0,89,2,5,5,1,3,3,4,3,3,3,2.0,2,3,5,0.0,0,1
0,1.0,43.0,0,1,86,4,1,1,4,4,4,4,4,3,1,1.0,3,3,1,0.0,0,1
0,0.0,26.0,0,1,89,2,2,3,3,2,3,3,3,5,5,4.0,3,2,4,17.0,11,0
1,1.0,32.0,0,0,86,5,5,5,4,4,4,5,4,4,4,5.0,1,1,5,14.0,0,1
0,1.0,,0,0,86,4,4,4,1,3,4,4,5,5,5,5.0,2,5,4,1.0,0,1
1,1.0,39.0,0,0,89,1,1,1,4,5,4,4,4,4,4,4.0,3,4,1,0.0,0,1
1,0.0,22.0,0,1,89,2,2,2,3,2,3,3,3,4,2,1.0,1,1,0,1.0,0,0
0,1.0,64.0,0,1,86,4,1,1,4,4,4,4,4,5,1,1.0,1,4,1,29.0,0,1
0,1.0,44.0,0,1,86,4,4,4,4,4,4,4,4,2,2,4.0,5,4,4,18.0,15,1
0,1.0,38.0,0,1,86,3,3,3,3,3,3,3,3,1,5,5.0,3,2,3,2.0,4,1
0,1.0,44.0,0,1,89,4,2,2,4,4,4,4,4,1,2,5.0,3,2,2,15.0,0,1
1,0.0,25.0,0,1,77,3,2,1,4,2,4,4,4,1,1,4.0,2,4,3,0.0,0,0
1,1.0,33.0,0,0,86,4,4,4,5,3,4,5,4,4,4,4.0,1,4,4,27.0,23,1
0,1.0,63.0,0,1,86,5,2,2,5,5,5,5,5,4,5,4.0,5,2,2,0.0,0,1
0,1.0,64.0,0,1,86,3,4,4,4,3,4,4,4,4,5,5.0,2,3,4,0.0,0,1
1,0.0,43.0,0,1,89,1,1,1,1,1,1,1,1,5,3,4.0,3,3,5,30.0,27,0
1,1.0,47.0,0,1,86,4,1,1,4,5,5,3,4,4,4,4.0,5,4,1,119.0,93,1
1,1.0,33.0,0,1,86,4,3,3,4,4,4,4,4,5,1,2.0,3,2,3,0.0,0,1
0,1.0,45.0,0,1,86,4,1,1,4,4,4,4,4,1,5,2.0,4,4,1,3.0,0,0
1,1.0,52.0,0,0,89,2,2,2,2,5,1,4,4,4,4,5.0,2,4,2,0.0,0,1
1,0.0,26.0,0,1,77,1,1,3,2,1,2,2,2,3,4,3.0,3,3,1,117.0,111,0
0,1.0,31.0,0,1,86,0,0,1,5,3,5,5,5,2,1,2.0,2,1,0,0.0,7,1
1,1.0,38.0,0,0,89,5,5,5,5,4,5,3,4,4,4,5.0,1,4,1,0.0,0,1
1,0.0,33.0,0,1,86,4,4,3,3,4,3,3,3,2,5,2.0,5,5,3,17.0,23,0
0,1.0,57.0,0,1,86,1,2,2,1,1,1,1,1,1,2,3.0,2,3,2,0.0,0,0
1,0.0,24.0,0,1,86,5,5,1,4,5,4,4,4,4,3,2.0,4,4,4,0.0,0,1
1,1.0,46.0,0,1,89,5,1,1,2,2,2,2,5,5,5,5.0,1,5,1,0.0,0,1
1,1.0,33.0,0,1,89,0,0,2,5,0,5,5,5,3,4,1.0,2,1,0,0.0,0,1
0,1.0,30.0,0,0,78,4,4,4,5,5,5,3,5,3,5,4.0,2,2,4,0.0,0,1
0,1.0,31.0,0,1,77,5,4,4,5,4,5,5,5,4,2,5.0,4,4,4,0.0,0,1
0,0.0,63.0,0,1,89,3,2,1,1,2,1,1,1,1,5,5.0,4,4,0,0.0,0,0
1,1.0,57.0,0,0,86,1,1,1,1,1,5,2,5,5,5,3.0,3,5,1,0.0,0,1
1,0.0,33.0,0,1,89,1,2,3,5,2,5,4,5,5,4,3.0,4,5,4,0.0,0,0
1,1.0,33.0,0,1,86,5,4,2,5,5,5,5,5,4,1,1.0,3,3,2,0.0,0,1
1,0.0,38.0,0,1,86,1,1,2,3,1,3,3,3,5,2,1.0,4,3,0,6.0,1,0
1,0.0,21.0,0,1,89,3,3,3,3,3,3,3,3,1,2,4.0,2,2,0,0.0,0,0
1,1.0,27.0,0,1,89,5,2,1,5,5,5,5,5,1,2,4.0,1,4,1,0.0,0,1
0,1.0,69.0,0,0,89,0,0,4,3,4,4,2,4,4,4,4.0,1,4,5,0.0,0,1
0,0.0,26.0,0,1,89,2,2,1,4,2,4,4,4,5,1,4.0,3,3,4,0.0,0,0
1,1.0,47.0,0,0,86,1,4,1,1,5,4,3,5,5,5,4.0,3,5,1,39.0,43,1
0,0.0,40.0,0,1,77,2,2,5,3,2,3,4,3,3,5,2.0,5,5,0,77.0,52,0
1,1.0,40.0,0,1,86,4,1,1,4,4,4,4,4,5,3,3.0,5,1,1,36.0,51,1
1,0.0,47.0,0,1,78,4,4,2,4,4,4,4,4,4,5,4.0,2,3,5,0.0,4,0
1,1.0,30.0,0,1,89,5,5,5,5,4,5,5,5,4,1,3.0,3,5,5,0.0,0,1
1,0.0,23.0,0,1,89,4,4,4,4,4,4,4,4,4,4,5.0,2,1,0,0.0,0,1
1,0.0,25.0,0,1,86,2,1,3,1,1,1,1,1,5,1,4.0,4,2,0,0.0,0,0
0,0.0,23.0,0,1,89,5,5,4,3,5,3,4,3,1,2,5.0,5,5,0,64.0,77,1
1,1.0,,0,0,86,4,4,4,3,1,1,1,5,5,5,5.0,3,5,4,0.0,0,1
0,0.0,38.0,0,1,89,3,4,4,1,4,1,1,1,4,3,1.0,3,3,4,46.0,52,0
0,1.0,37.0,0,0,78,0,1,2,2,4,2,4,4,4,4,4.0,1,4,4,0.0,0,1
0,1.0,54.0,0,0,89,4,4,4,1,5,3,5,5,5,5,4.0,1,5,3,70.0,76,1
0,0.0,37.0,0,1,86,1,2,1,3,2,3,3,3,1,1,3.0,5,3,5,1.0,0,0
1,0.0,22.0,0,1,89,3,3,2,1,3,1,1,1,1,4,5.0,4,5,0,3.0,0,0
1,1.0,47.0,0,1,89,4,5,5,2,5,1,3,4,4,4,4.0,3,4,5,57.0,40,1
1,1.0,39.0,0,0,89,3,2,3,3,1,2,3,5,5,5,3.0,4,5,3,7.0,5,1
0,1.0,57.0,0,0,89,2,4,4,4,3,4,4,1,1,1,2.0,4,1,4,19.0,0,0
0,0.0,27.0,0,1,86,5,5,4,2,0,2,2,2,1,4,3.0,3,4,0,3.0,0,1
0,1.0,39.0,0,0,86,4,4,4,5,3,3,5,5,5,5,3.0,4,5,3,0.0,0,1
0,0.0,22.0,0,1,89,3,3,2,5,3,5,5,5,2,4,3.0,2,5,4,0.0,0,0
1,1.0,50.0,0,0,89,1,1,1,5,4,3,3,4,4,4,3.0,2,4,1,19.0,28,0
0,1.0,38.0,0,0,89,5,3,5,3,5,3,4,5,5,5,4.0,2,5,5,0.0,0,1
1,0.0,43.0,0,1,86,3,3,4,2,3,2,2,2,4,3,4.0,3,2,0,36.0,37,0
1,0.0,35.0,0,1,89,2,1,2,2,1,2,2,2,2,4,2.0,3,5,0,0.0,0,0
1,0.0,21.0,0,1,89,1,1,3,1,1,1,1,1,3,2,4.0,2,3,2,0.0,0,0
0,1.0,35.0,0,1,86,4,1,1,4,5,4,4,4,2,2,4.0,5,4,1,0.0,0,1
1,0.0,23.0,0,1,89,4,4,3,3,4,3,4,3,4,1,3.0,2,4,1,0.0,0,0
1,1.0,68.0,0,1,89,2,5,5,2,2,1,5,1,1,2,1.0,4,1,5,12.0,13,1
0,1.0,53.0,0,1,78,2,3,3,2,2,2,2,2,1,3,4.0,3,4,3,1.0,0,0
0,1.0,57.0,0,1,86,5,3,3,5,5,5,5,5,3,5,5.0,3,4,3,18.0,5,1
1,1.0,37.0,0,1,89,5,4,4,5,5,5,5,5,3,4,3.0,4,1,1,0.0,0,1
1,1.0,33.0,0,1,77,4,2,2,4,5,4,4,4,1,4,5.0,3,1,1,0.0,0,1
0,1.0,39.0,0,1,89,2,2,2,2,2,2,2,2,4,1,4.0,2,3,2,7.0,6,0
0,1.0,41.0,0,1,86,5,2,2,5,5,5,5,5,3,2,5.0,4,5,2,31.0,16,1
0,0.0,41.0,0,1,77,2,1,4,3,1,3,3,3,3,5,3.0,5,2,5,0.0,0,0
0,1.0,48.0,0,1,89,3,5,5,3,3,3,3,3,2,5,4.0,3,3,5,0.0,0,1
0,0.0,38.0,0,1,86,1,1,1,4,1,4,3,4,3,2,3.0,3,1,4,0.0,0,0
1,0.0,20.0,0,1,86,4,5,4,2,5,2,2,2,1,1,3.0,1,4,2,0.0,0,0
0,1.0,57.0,0,0,89,0,0,4,3,4,4,5,4,4,4,4.0,5,4,4,0.0,0,1
1,0.0,50.0,0,1,77,1,1,5,4,1,4,4,4,4,2,4.0,3,2,4,0.0,0,0
1,0.0,55.0,0,1,78,2,2,1,1,2,1,1,1,3,5,5.0,4,5,0,0.0,0,0
1,1.0,42.0,0,0,89,0,0,1,4,4,1,5,3,3,3,3.0,5,3,4,0.0,0,1
1,1.0,39.0,0,0,89,4,3,3,3,4,3,3,2,2,2,4.0,2,2,3,0.0,0,0
1,0.0,50.0,0,1,86,3,3,1,5,3,5,5,5,4,2,3.0,4,5,0,4.0,0,0
0,1.0,33.0,0,1,86,5,5,5,5,5,5,5,5,4,1,2.0,4,3,5,0.0,0,1
1,1.0,37.0,0,1,86,3,5,5,3,3,3,3,3,2,5,5.0,5,5,1,0.0,0,1
0,0.0,21.0,0,1,86,5,5,2,2,5,2,2,2,5,5,3.0,5,2,0,11.0,0,1
0,1.0,53.0,0,1,86,5,5,3,5,5,5,5,5,4,3,4.0,4,3,3,0.0,0,1
1,1.0,60.0,0,0,78,1,3,3,1,4,4,4,3,3,3,1.0,4,3,3,105.0,113,0
1,1.0,35.0,0,1,89,3,4,4,3,3,3,3,3,1,4,3.0,1,4,4,55.0,46,0
0,1.0,38.0,0,0,89,5,4,5,2,1,1,4,4,4,4,4.0,2,4,5,0.0,0,1
0,1.0,35.0,0,1,86,4,4,2,4,4,4,4,4,4,3,1.0,4,4,2,0.0,0,1
0,0.0,23.0,0,1,89,3,3,4,4,3,4,4,4,2,4,4.0,4,3,4,7.0,4,0
1,0.0,47.0,0,1,56,3,3,3,1,3,1,1,1,3,4,3.0,1,3,3,26.0,36,0
0,0.0,27.0,0,1,86,3,3,3,5,3,5,5,5,5,1,5.0,5,5,5,0.0,0,0
0,0.0,25.0,0,1,78,3,3,4,5,3,5,5,5,4,4,3.0,2,4,3,0.0,0,0
1,1.0,50.0,0,1,89,2,3,3,3,1,4,5,2,2,2,2.0,1,2,3,0.0,0,1
0,1.0,34.0,0,0,89,5,4,5,5,3,1,2,4,4,4,3.0,3,4,5,0.0,0,1
0,1.0,33.0,0,1,89,3,4,4,3,3,3,3,3,1,3,3.0,3,3,4,0.0,0,0
1,0.0,59.0,0,1,86,1,1,3,3,1,3,4,3,3,4,1.0,2,5,0,16.0,17,0
1,1.0,45.0,0,1,86,1,2,2,1,3,1,4,2,2,1,2.0,3,2,2,96.0,104,0
1,1.0,36.0,0,0,89,3,3,3,1,5,3,4,5,5,5,3.0,2,5,3,0.0,0,1
1,0.0,39.0,0,1,89,1,2,4,5,2,5,5,5,4,3,2.0,1,2,3,0.0,0,0
0,0.0,16.0,0,1,86,1,1,4,5,1,5,1,5,2,4,3.0,3,3,2,73.0,83,0
1,0.0,62.0,0,1,86,4,5,5,3,5,3,1,3,1,2,1.0,1,3,0,81.0,67,0
0,1.0,42.0,0,1,78,2,1,1,2,2,2,2,2,2,3,4.0,3,3,1,33.0,38,0
1,1.0,57.0,0,1,89,3,2,2,1,4,3,4,3,3,3,3.0,3,3,2,99.0,110,0
1,1.0,30.0,0,0,89,4,4,4,4,4,4,3,4,3,2,5.0,3,3,5,0.0,0,1
1,1.0,55.0,0,1,86,1,2,2,1,3,4,3,2,2,1,2.0,1,2,2,34.0,26,0
0,1.0,51.0,0,1,86,4,4,4,4,4,4,4,4,4,2,1.0,2,3,4,1.0,14,1
0,1.0,52.0,0,1,86,1,5,5,2,1,2,2,2,2,5,3.0,4,3,5,112.0,117,1
1,1.0,48.0,0,1,89,2,2,2,4,3,1,3,1,1,2,1.0,4,1,2,20.0,0,0
0,0.0,27.0,0,1,89,3,3,3,4,3,4,4,4,2,5,1.0,4,1,3,84.0,81,0
0,1.0,41.0,0,1,56,5,2,2,5,5,5,5,5,3,1,4.0,2,3,2,0.0,0,1
1,0.0,23.0,0,1,89,0,0,3,3,0,3,3,3,2,2,1.0,5,3,0,4.0,8,1
0,0.0,30.0,0,1,86,2,2,4,5,2,5,5,5,2,1,3.0,2,4,2,0.0,0,0
0,0.0,25.0,0,1,78,2,2,3,5,2,5,5,5,4,4,3.0,4,4,0,4.0,12,0
0,1.0,53.0,0,1,89,4,4,4,4,4,4,4,4,4,3,3.0,2,4,4,0.0,0,0
0,0.0,19.0,0,1,78,3,3,3,1,3,1,1,1,2,2,3.0,4,4,4,25.0,28,0
1,1.0,43.0,0,0,89,0,0,3,1,3,1,5,3,3,3,3.0,2,3,4,0.0,0,1
1,1.0,30.0,0,1,77,1,3,3,1,1,1,1,1,2,5,3.0,1,3,4,0.0,0,0
0,1.0,41.0,0,1,86,4,4,4,4,4,4,4,4,2,2,1.0,4,2,4,9.0,2,1
1,1.0,36.0,0,1,77,4,3,3,4,4,4,4,4,1,5,2.0,2,4,3,0.0,0,1
0,0.0,54.0,0,1,77,4,4,1,5,4,5,5,5,5,4,5.0,2,5,0,0.0,0,0
0,0.0,41.0,0,1,86,2,2,4,1,2,1,5,1,2,2,4.0,1,4,4,0.0,0,0
0,0.0,22.0,0,1,89,3,3,3,1,3,1,1,1,5,2,3.0,2,5,3,0.0,0,0
0,0.0,44.0,0,1,77,0,0,2,5,0,5,5,5,1,5,1.0,3,3,0,14.0,13,1
1,0.0,33.0,0,1,86,1,1,3,5,1,5,5,5,3,2,4.0,2,3,0,11.0,17,0
0,1.0,53.0,0,1,86,2,3,1,2,2,2,2,2,4,4,4.0,1,4,1,48.0,42,0
1,1.0,35.0,0,1,77,1,5,5,1,1,1,1,1,3,5,3.0,1,3,5,10.0,0,1
0,1.0,38.0,0,0,89,4,1,1,3,3,4,3,1,1,2,4.0,4,1,1,0.0,13,0
0,1.0,53.0,0,1,86,2,4,4,1,2,1,1,1,1,1,4.0,2,3,4,0.0,0,0
0,0.0,38.0,0,1,78,2,2,4,2,2,2,4,2,4,5,1.0,5,5,5,0.0,0,0
0,1.0,47.0,0,1,77,2,2,2,3,2,3,3,3,3,2,3.0,4,4,2,0.0,0,0
1,1.0,39.0,0,1,89,2,5,2,2,2,2,2,2,1,2,1.0,4,2,2,67.0,68,0
1,1.0,45.0,0,0,56,1,2,2,5,3,4,4,4,4,4,1.0,4,4,2,0.0,0,0
0,1.0,35.0,0,0,86,3,2,2,2,3,3,3,1,1,1,3.0,2,1,2,0.0,0,0
1,1.0,59.0,0,1,86,3,4,4,3,2,4,3,3,3,3,3.0,1,3,4,30.0,36,0
0,1.0,31.0,0,1,86,4,4,4,4,4,4,4,4,3,3,1.0,2,5,4,0.0,0,1
1,0.0,38.0,0,1,89,4,4,4,3,4,3,3,3,1,1,3.0,4,4,4,0.0,0,0
1,1.0,30.0,0,1,78,1,5,5,1,1,1,1,1,3,2,4.0,4,3,5,0.0,0,0
0,1.0,52.0,0,1,77,3,1,1,2,3,2,2,2,3,4,4.0,2,4,1,1.0,0,0
0,0.0,55.0,0,1,86,2,2,4,1,2,1,1,1,4,2,4.0,3,3,3,1.0,0,0
0,1.0,46.0,0,1,89,5,1,1,5,5,5,5,5,1,1,2.0,3,5,1,0.0,0,1
0,1.0,33.0,0,0,89,2,3,3,2,2,2,2,2,4,5,4.0,4,3,3,0.0,0,0
1,1.0,43.0,0,1,86,5,2,2,2,3,5,5,5,5,5,5.0,4,5,2,0.0,0,1
0,1.0,42.0,0,0,86,2,4,4,3,2,4,3,3,3,3,2.0,2,3,4,63.0,34,0
0,1.0,36.0,0,0,77,4,4,4,3,5,4,4,4,4,5,3.0,1,4,4,0.0,0,0
0,0.0,25.0,0,1,86,1,1,4,1,5,5,5,3,2,3,3.0,5,4,1,445.0,459,0
0,1.0,59.0,0,1,86,2,3,1,2,2,2,2,2,3,2,3.0,4,3,1,0.0,0,0
1,1.0,39.0,0,0,86,1,4,4,5,4,2,3,2,2,3,1.0,3,2,4,22.0,0,0
0,0.0,27.0,0,1,77,1,1,4,2,1,2,2,2,3,1,4.0,4,3,3,33.0,33,0
0,1.0,41.0,0,0,78,2,3,3,1,4,4,3,3,3,3,2.0,1,3,3,0.0,0,0
1,0.0,26.0,0,1,89,2,2,4,5,2,5,5,5,1,3,3.0,1,4,3,0.0,0,0
1,1.0,33.0,0,0,78,5,4,5,1,3,5,4,5,5,5,5.0,2,5,5,0.0,0,1
0,0.0,37.0,0,1,89,2,2,1,3,2,3,1,3,5,1,4.0,2,2,0,0.0,0,0
0,0.0,33.0,0,1,86,3,2,3,3,2,3,3,3,4,2,4.0,4,3,4,36.0,36,0
1,1.0,49.0,0,0,89,2,4,3,2,3,2,4,3,3,3,2.0,3,3,3,30.0,37,0
1,0.0,47.0,0,1,86,4,5,4,1,5,1,1,1,3,5,1.0,5,4,3,0.0,0,1
1,1.0,39.0,0,1,89,5,4,4,5,5,5,5,5,4,4,5.0,3,4,4,,0,1
0,1.0,60.0,0,1,89,4,5,5,4,4,4,4,4,3,4,4.0,1,4,5,10.0,4,1
0,1.0,53.0,0,0,86,4,5,5,2,3,2,3,1,1,1,4.0,1,1,5,0.0,0,1
1,0.0,40.0,0,0,86,1,1,4,1,1,1,2,1,5,5,2.0,3,2,1,0.0,0,0
0,0.0,47.0,0,1,77,4,4,3,1,4,1,1,1,3,2,3.0,3,3,1,0.0,0,0
1,0.0,29.0,0,1,89,2,2,3,4,2,4,4,4,1,4,3.0,2,2,5,0.0,1,0
1,1.0,33.0,0,0,56,4,4,5,1,1,2,2,4,4,4,4.0,2,4,5,0.0,0,1
1,1.0,57.0,0,1,89,2,4,4,4,3,1,3,2,2,2,2.0,4,2,4,0.0,0,0
0,1.0,28.0,0,1,86,1,3,3,1,1,1,1,1,2,5,4.0,2,4,3,0.0,0,0
0,1.0,78.0,0,1,77,4,5,5,5,4,5,5,5,1,3,2.0,3,2,5,0.0,0,1
1,1.0,59.0,0,1,77,2,5,5,3,3,3,3,2,2,2,2.0,4,2,5,0.0,0,1
1,1.0,33.0,0,1,77,1,5,5,1,1,1,1,1,3,3,4.0,2,3,5,20.0,25,0
0,0.0,21.0,0,1,89,2,2,3,1,2,1,1,1,3,4,3.0,3,4,2,2.0,0,0
1,1.0,55.0,0,1,86,3,1,1,3,2,4,3,3,3,3,3.0,2,3,1,0.0,0,0
0,1.0,53.0,0,1,78,3,2,2,3,3,3,3,3,2,3,4.0,4,4,2,0.0,0,0
1,1.0,70.0,0,1,86,1,1,1,4,3,1,2,1,1,1,1.0,1,1,1,0.0,0,0
1,1.0,50.0,0,1,86,2,2,2,3,1,1,1,2,2,2,2.0,1,2,2,0.0,0,0
0,1.0,39.0,0,0,89,2,5,2,4,2,1,4,4,4,4,5.0,2,4,2,0.0,0,1
1,1.0,45.0,0,1,89,4,5,1,2,4,2,4,4,4,4,4.0,2,4,1,0.0,0,1
0,1.0,39.0,0,0,86,4,1,1,2,4,3,3,1,1,2,4.0,2,1,1,12.0,20,0
1,0.0,38.0,0,1,77,3,3,4,2,3,2,2,2,3,3,3.0,1,3,4,0.0,0,0
1,0.0,22.0,0,1,86,4,4,2,3,4,3,3,3,1,1,1.0,3,1,0,0.0,0,0
1,1.0,55.0,0,1,89,2,1,1,4,2,1,3,2,2,2,2.0,2,2,1,0.0,0,0
0,0.0,30.0,0,1,89,3,3,3,2,3,2,2,2,1,3,3.0,1,4,4,0.0,0,0
1,0.0,20.0,0,1,89,2,2,4,4,2,4,4,4,4,4,4.0,4,4,4,13.0,0,0
1,0.0,35.0,0,1,86,1,0,2,3,0,3,3,3,3,2,4.0,2,4,0,0.0,0,0
0,1.0,51.0,0,0,86,3,4,3,2,3,4,2,1,1,1,3.0,3,1,3,16.0,21,0
1,1.0,64.0,0,0,89,1,5,5,2,3,1,2,3,3,3,1.0,4,3,5,0.0,0,1
0,1.0,59.0,0,0,89,2,3,3,4,4,4,4,4,4,4,2.0,4,4,3,0.0,0,0
0,0.0,33.0,0,1,89,2,2,3,5,2,5,5,5,2,4,4.0,1,3,1,11.0,0,0
1,1.0,54.0,0,1,86,3,4,4,5,4,3,4,3,3,3,3.0,4,3,4,0.0,0,0
0,1.0,54.0,0,1,86,3,5,1,3,3,3,3,3,1,3,4.0,3,3,1,118.0,94,0
0,1.0,46.0,0,0,86,1,1,1,5,5,2,5,5,1,3,1.0,5,2,1,0.0,0,1
0,1.0,41.0,0,1,77,5,1,1,5,5,5,5,5,2,2,2.0,1,2,1,0.0,0,1
0,1.0,50.0,0,0,77,3,5,3,1,4,2,4,4,4,4,3.0,2,4,3,9.0,15,1
1,1.0,32.0,0,1,56,5,3,3,5,5,5,5,5,3,2,1.0,1,4,3,17.0,26,1
1,0.0,24.0,0,1,86,5,5,4,3,5,3,4,3,4,2,5.0,3,3,0,0.0,0,1
0,,33.0,0,1,86,4,4,4,4,4,4,4,4,5,3,5.0,5,5,4,0.0,0,1
0,1.0,54.0,0,1,77,2,4,4,3,2,3,3,3,2,5,4.0,4,4,1,6.0,4,0
1,1.0,64.0,0,0,86,1,2,2,1,1,3,2,2,2,2,1.0,2,2,2,1.0,0,0
1,0.0,42.0,0,1,86,3,3,4,1,3,1,1,1,2,1,,3,4,1,0.0,0,0
1,0.0,45.0,0,1,89,1,0,2,2,0,2,3,2,5,5,5.0,3,2,0,31.0,0,0
1,1.0,49.0,0,1,77,4,2,2,2,4,4,3,4,4,4,4.0,3,4,2,0.0,0,1
1,0.0,40.0,0,0,78,2,2,3,1,2,1,1,1,3,3,3.0,1,4,2,0.0,0,0
1,1.0,55.0,0,0,77,2,2,2,4,3,5,5,5,5,5,5.0,2,5,2,0.0,0,1
1,1.0,51.0,0,1,89,5,1,3,5,4,3,1,5,5,5,5.0,4,5,3,0.0,0,1
1,1.0,42.0,0,0,86,0,0,3,3,2,5,5,2,2,2,2.0,3,2,5,0.0,0,1
0,,36.0,0,0,89,4,4,4,3,5,2,4,5,5,5,3.0,5,5,4,4.0,0,1
0,,23.0,0,1,89,4,4,1,4,4,4,4,4,1,3,4.0,1,5,0,4.0,13,1
1,0.0,30.0,0,1,89,3,3,4,2,3,2,5,2,3,1,4.0,1,4,3,0.0,0,0
0,1.0,85.0,0,1,86,2,5,5,2,2,2,2,4,1,3,3.0,2,2,5,73.0,65,0
0,,40.0,1,1,78,5,0,4,1,0,1,1,1,3,1,3.0,3,4,4,0.0,0,1
1,1.0,42.0,1,1,77,5,5,4,5,4,4,5,1,1,5,1.0,5,1,4,0.0,0,1
0,1.0,65.0,1,1,86,4,4,5,4,4,4,4,4,2,1,4.0,4,5,5,0.0,0,0
1,1.0,43.0,1,1,89,3,3,1,2,4,3,4,5,5,3,5.0,4,5,4,10.0,0,0
1,1.0,34.0,1,1,78,2,2,2,4,2,4,4,4,4,4,5.0,4,4,5,125.0,127,0
1,1.0,7.0,1,1,77,4,4,1,2,4,2,2,2,5,2,4.0,3,4,5,0.0,0,0
0,1.0,40.0,1,1,86,2,0,3,3,0,3,3,3,4,2,4.0,3,5,4,0.0,0,0
1,1.0,46.0,1,1,86,3,3,4,2,1,4,5,5,5,3,5.0,1,5,5,45.0,55,0
0,1.0,7.0,1,1,86,2,2,3,3,2,3,3,3,4,4,1.0,1,4,5,0.0,0,0
1,1.0,62.0,1,1,86,1,1,5,1,1,1,1,4,4,1,4.0,3,4,5,0.0,0,0
1,1.0,70.0,1,1,86,2,0,4,2,2,5,5,3,3,0,3.0,5,3,5,40.0,41,0
1,,52.0,1,1,86,4,0,3,2,2,1,2,3,3,0,3.0,1,3,5,0.0,0,1
1,1.0,40.0,1,1,89,4,4,4,2,4,2,2,2,3,2,5.0,3,4,4,0.0,0,0
0,1.0,46.0,1,1,89,1,1,2,5,1,5,1,5,3,3,4.0,3,4,5,30.0,31,0
0,1.0,56.0,1,1,86,2,0,1,4,0,4,4,4,4,5,1.0,4,5,4,0.0,0,0
0,1.0,38.0,1,1,86,2,2,4,4,2,4,1,4,5,3,4.0,5,4,4,0.0,0,0
1,1.0,49.0,1,1,89,4,4,4,1,4,3,4,3,3,4,3.0,1,3,3,13.0,22,0
1,1.0,44.0,1,1,77,3,3,2,4,4,5,5,5,5,3,5.0,3,5,4,30.0,38,0
1,1.0,22.0,1,1,86,1,1,1,4,1,4,5,4,3,5,5.0,4,4,4,4.0,1,0
0,1.0,64.0,1,1,86,3,3,1,2,3,2,2,2,3,4,4.0,5,4,4,0.0,0,0
0,1.0,44.0,1,1,86,2,2,3,2,2,2,2,2,3,3,4.0,5,4,4,0.0,0,0
0,1.0,54.0,1,1,78,1,0,5,5,0,5,5,5,3,5,5.0,3,5,4,0.0,0,0
1,1.0,48.0,1,1,89,3,3,4,2,5,5,4,3,3,3,3.0,3,3,5,0.0,0,0
0,,53.0,1,1,89,0,0,3,5,0,5,5,5,5,2,3.0,5,4,5,6.0,0,1
0,1.0,58.0,1,1,89,2,0,3,5,0,5,5,5,3,1,4.0,4,4,5,0.0,0,0
1,1.0,7.0,1,1,86,1,1,4,3,1,3,4,3,2,2,4.0,4,4,2,89.0,94,0
1,1.0,49.0,1,1,86,2,2,3,5,3,4,4,2,2,2,2.0,3,2,2,0.0,0,0
1,1.0,26.0,1,1,89,3,3,5,2,3,2,3,2,4,2,5.0,5,4,4,0.0,0,0
1,1.0,43.0,1,1,86,1,1,2,2,5,4,5,4,4,1,4.0,4,4,4,0.0,0,0
1,1.0,50.0,1,1,77,3,3,3,3,4,5,4,4,4,3,2.0,5,4,5,0.0,0,0
0,1.0,26.0,1,1,86,2,2,3,2,2,2,2,2,3,5,4.0,5,5,4,9.0,0,0
0,1.0,28.0,1,1,89,2,2,3,3,2,3,3,3,4,4,5.0,3,5,5,0.0,0,0
1,1.0,48.0,1,1,89,3,3,3,3,3,2,3,5,5,3,5.0,1,5,2,104.0,103,0
0,1.0,46.0,1,1,89,3,3,2,2,3,2,3,2,5,5,5.0,4,5,4,0.0,0,0
1,1.0,27.0,1,1,86,3,3,1,5,3,5,5,5,3,3,5.0,5,4,5,42.0,48,0
1,1.0,27.0,1,1,86,3,0,4,4,0,4,4,4,4,1,3.0,3,4,3,0.0,0,0
1,1.0,44.0,1,1,78,3,3,3,4,5,5,5,3,3,3,3.0,4,3,4,11.0,18,0
0,1.0,67.0,1,1,77,3,0,2,4,0,4,4,4,5,2,4.0,4,5,5,102.0,106,0
1,1.0,43.0,1,1,89,2,2,1,4,4,4,5,2,2,2,2.0,3,2,4,0.0,0,0
0,1.0,11.0,1,1,56,3,3,4,2,3,2,2,2,2,3,3.0,3,3,2,76.0,73,0
0,1.0,50.0,1,1,78,3,3,3,5,3,5,4,5,3,1,3.0,3,4,5,0.0,0,0
0,1.0,64.0,1,1,89,2,0,2,4,0,4,2,4,5,3,5.0,3,2,4,59.0,59,0
1,1.0,41.0,1,1,86,2,2,2,2,2,2,2,2,3,5,1.0,5,5,3,0.0,0,0
0,1.0,14.0,1,1,86,2,0,1,4,0,4,4,4,3,5,4.0,4,4,5,45.0,45,0
0,1.0,9.0,1,1,89,2,2,1,5,2,5,5,5,4,3,4.0,5,4,4,9.0,0,0
0,1.0,9.0,1,1,89,2,2,3,4,2,4,4,4,4,3,5.0,4,5,5,7.0,0,0
0,1.0,26.0,1,1,89,3,0,2,5,0,5,3,5,2,5,2.0,2,1,3,8.0,6,0
1,1.0,7.0,1,1,89,1,1,4,4,1,4,4,4,4,2,5.0,4,5,5,0.0,0,0
1,1.0,47.0,1,1,86,1,1,4,2,3,5,3,4,4,1,4.0,1,4,5,112.0,112,0
1,1.0,36.0,1,1,89,1,1,3,3,1,3,3,3,3,2,4.0,5,5,4,0.0,0,0
1,1.0,61.0,1,1,78,2,2,4,2,4,5,5,1,1,2,1.0,4,1,4,0.0,0,0
1,1.0,52.0,1,1,77,4,0,4,4,5,4,5,4,4,0,4.0,4,4,5,5.0,8,0
1,1.0,63.0,1,1,78,2,0,2,4,5,4,5,5,5,0,4.0,5,5,5,0.0,0,0
1,1.0,36.0,1,1,77,2,0,3,4,0,4,4,4,3,4,5.0,4,4,4,86.0,101,0
1,1.0,56.0,1,1,77,2,2,2,5,5,5,4,2,2,2,2.0,4,2,5,0.0,0,0
1,1.0,14.0,1,1,77,3,0,4,5,0,5,5,5,5,3,4.0,4,5,4,0.0,0,0
0,1.0,13.0,1,1,86,2,2,3,2,2,2,2,2,3,5,3.0,2,4,1,11.0,8,0
0,1.0,28.0,1,1,86,3,3,5,5,3,5,5,5,2,1,2.0,1,1,4,0.0,0,0
0,1.0,34.0,1,1,86,1,1,3,4,1,4,4,4,3,4,4.0,5,4,4,0.0,0,0
0,1.0,48.0,1,1,86,1,1,3,4,1,4,4,4,3,2,3.0,2,4,3,4.0,0,0
1,1.0,63.0,1,1,86,2,0,2,2,5,5,4,5,5,0,3.0,4,5,4,0.0,0,0
1,1.0,35.0,1,1,77,2,0,3,1,0,1,1,1,5,2,4.0,5,4,5,0.0,0,0
0,1.0,23.0,1,1,86,2,2,2,2,2,2,5,2,5,4,5.0,5,5,4,0.0,0,0
0,1.0,14.0,1,1,86,2,2,3,1,2,1,1,1,5,4,5.0,5,4,4,12.0,0,0
0,1.0,9.0,1,1,89,4,4,4,1,4,1,1,1,5,2,5.0,4,4,4,0.0,0,0
0,1.0,10.0,1,1,77,2,2,1,5,2,5,5,5,5,5,4.0,3,4,4,0.0,0,0
0,1.0,8.0,1,1,86,1,0,2,5,0,5,5,5,3,2,4.0,5,4,5,0.0,0,0
0,1.0,15.0,1,1,86,4,4,1,3,4,3,3,3,3,3,4.0,3,5,4,0.0,0,0
1,1.0,12.0,1,1,89,4,4,3,4,4,4,4,4,3,3,3.0,2,4,4,0.0,0,0
1,1.0,70.0,1,1,86,2,2,2,2,5,3,5,3,3,2,3.0,3,3,4,0.0,0,0
0,1.0,66.0,1,1,86,3,3,4,3,3,3,3,3,1,2,4.0,3,4,2,4.0,6,0
0,1.0,9.0,1,1,86,4,4,4,1,4,1,1,1,1,1,3.0,1,3,4,52.0,47,0
1,1.0,51.0,1,1,86,2,2,4,2,4,2,3,2,2,2,2.0,4,2,1,0.0,0,0
0,1.0,18.0,1,1,78,3,3,3,5,3,5,5,5,3,4,4.0,5,4,5,11.0,12,0
1,1.0,38.0,1,1,86,1,1,3,3,1,3,3,3,1,2,2.0,3,2,5,0.0,6,0
1,1.0,11.0,1,1,86,3,3,1,3,3,3,3,3,3,5,4.0,1,1,4,0.0,0,0
1,1.0,62.0,1,1,89,2,2,5,4,5,4,5,1,1,2,1.0,5,1,5,52.0,61,0
0,1.0,34.0,1,1,86,3,0,3,4,0,4,2,4,3,4,1.0,2,3,5,0.0,0,0
0,1.0,66.0,1,1,77,3,0,2,2,0,2,2,2,3,4,4.0,3,5,4,0.0,0,0
0,1.0,22.0,1,1,89,2,2,1,4,2,4,4,4,3,5,4.0,5,5,4,38.0,30,0
1,1.0,64.0,1,1,89,2,0,3,5,5,5,5,5,5,0,5.0,4,5,4,0.0,0,0
1,1.0,20.0,1,1,89,2,2,4,2,2,2,2,2,4,1,4.0,3,4,3,3.0,0,0
0,1.0,68.0,1,1,77,4,4,2,1,4,1,1,1,5,3,4.0,4,4,4,0.0,0,0
1,1.0,57.0,1,1,86,2,2,3,3,4,5,4,3,3,2,2.0,4,3,4,0.0,0,0
1,1.0,10.0,1,1,86,4,4,3,4,4,4,4,4,2,1,4.0,1,3,2,0.0,0,0
0,1.0,67.0,1,1,89,3,3,3,3,3,3,3,3,4,1,3.0,2,4,1,0.0,0,0
1,1.0,31.0,1,1,89,1,1,3,3,1,3,3,3,4,3,3.0,5,4,4,2.0,0,0
0,1.0,53.0,1,1,77,2,2,3,1,2,1,1,1,5,4,4.0,4,4,5,31.0,28,0
1,1.0,64.0,1,1,86,3,3,4,3,3,2,4,4,4,3,4.0,4,4,4,0.0,0,0
1,1.0,60.0,1,1,77,3,3,1,5,4,5,5,4,4,3,4.0,5,4,5,0.0,0,0
0,1.0,37.0,1,1,86,1,1,2,1,1,1,1,1,3,4,4.0,4,5,5,0.0,0,0
0,1.0,22.0,1,1,78,3,3,3,3,3,3,3,3,2,5,3.0,3,3,2,0.0,0,0
0,1.0,55.0,1,1,89,1,1,3,5,1,5,5,5,5,3,4.0,3,5,3,0.0,0,0
1,1.0,34.0,1,1,86,2,0,3,2,0,2,3,2,1,3,3.0,5,1,5,0.0,0,0
0,1.0,14.0,1,1,77,3,3,3,1,3,1,1,1,4,2,5.0,4,5,4,0.0,0,0
1,1.0,44.0,1,1,89,1,1,4,5,5,5,4,2,2,1,2.0,5,2,4,6.0,14,0
1,1.0,67.0,1,1,89,4,4,4,3,3,2,4,2,2,4,2.0,4,2,3,0.0,0,0
0,1.0,34.0,1,1,78,1,1,4,2,1,2,2,2,3,4,4.0,3,4,5,3.0,0,0
1,1.0,33.0,1,1,77,3,3,3,3,3,3,3,3,5,2,5.0,4,4,4,0.0,0,0
0,1.0,29.0,1,1,86,3,3,1,3,3,3,3,3,5,1,5.0,1,3,4,0.0,0,0
0,1.0,16.0,1,1,89,2,2,5,5,2,5,5,5,5,2,4.0,4,5,5,0.0,0,0
0,1.0,52.0,1,1,78,1,1,5,3,1,3,3,3,3,2,4.0,3,4,4,0.0,0,0
0,1.0,53.0,1,1,86,4,4,4,3,4,3,1,3,1,5,3.0,4,4,2,0.0,0,0
1,1.0,13.0,1,1,89,2,2,3,4,2,4,4,4,4,4,4.0,4,4,4,0.0,0,0
1,1.0,58.0,1,1,86,2,2,1,5,4,5,4,3,3,2,4.0,3,3,4,4.0,0,0
1,1.0,7.0,1,1,77,1,1,2,4,1,4,4,4,4,3,4.0,5,4,3,0.0,0,0
0,1.0,59.0,1,1,89,1,1,3,3,1,3,3,3,4,4,4.0,4,5,4,0.0,0,0
0,1.0,56.0,1,1,78,3,3,2,3,3,3,3,3,4,5,5.0,3,5,4,0.0,0,0
0,1.0,20.0,1,1,78,3,3,3,1,3,1,1,1,4,5,5.0,5,4,5,0.0,0,0
1,1.0,32.0,1,1,86,4,4,4,5,4,5,5,5,1,1,1.0,4,3,4,5.0,9,0
0,,10.0,1,1,86,4,0,4,5,0,5,5,5,1,2,1.0,2,2,4,2.0,0,0
1,1.0,15.0,1,1,78,3,3,3,4,3,4,4,4,1,4,4.0,2,3,1,0.0,0,0
0,1.0,16.0,1,1,78,2,0,2,4,0,4,4,4,3,5,4.0,5,4,5,0.0,0,0
1,1.0,64.0,1,1,89,2,2,2,3,4,5,4,2,2,2,1.0,5,2,4,0.0,0,0
1,,39.0,1,1,86,0,0,1,2,0,2,2,2,3,3,5.0,4,4,5,0.0,0,1
1,1.0,42.0,1,1,86,2,2,5,5,1,4,1,5,5,2,1.0,1,5,5,3.0,6,0
1,1.0,43.0,1,1,86,2,2,5,4,5,3,4,1,1,2,3.0,5,1,4,0.0,0,0
0,1.0,20.0,1,1,86,1,1,5,4,1,4,5,4,5,3,4.0,5,4,4,0.0,0,0
1,1.0,35.0,1,1,89,4,0,1,3,0,3,3,3,3,2,5.0,4,5,4,0.0,0,0
0,1.0,57.0,1,1,77,2,2,3,5,2,5,5,5,3,2,5.0,4,4,5,0.0,0,0
0,1.0,12.0,1,1,86,2,2,4,2,2,2,2,2,3,1,3.0,4,4,2,0.0,0,0
0,1.0,53.0,1,1,86,2,2,3,3,2,3,3,3,4,4,5.0,3,5,4,0.0,0,0
1,1.0,30.0,1,1,86,3,3,3,1,3,1,1,1,3,4,4.0,4,4,4,3.0,10,0
0,1.0,26.0,1,1,86,4,4,3,1,4,1,1,1,3,3,4.0,4,5,5,24.0,25,0
0,1.0,9.0,1,1,89,2,2,3,4,2,4,4,4,3,5,4.0,4,4,5,0.0,0,0
1,1.0,39.0,1,1,78,3,3,4,4,3,4,4,4,4,4,4.0,4,3,1,2.0,5,0
1,,26.0,1,1,78,3,3,4,2,3,2,2,2,1,2,4.0,1,2,5,0.0,0,0
0,1.0,8.0,1,1,86,1,1,5,2,1,2,2,2,4,5,4.0,3,4,4,0.0,0,0
0,,37.0,1,1,86,4,4,3,3,4,3,3,3,4,5,5.0,4,5,4,2.0,9,0
0,,70.0,1,1,77,2,2,5,5,2,5,5,5,4,4,5.0,4,4,4,105.0,99,0
1,,31.0,1,1,86,2,2,4,2,2,2,2,2,3,4,3.0,3,4,2,6.0,9,0
0,,70.0,1,1,86,1,1,3,1,1,1,1,1,2,2,3.0,4,2,1,0.0,0,0
1,,35.0,1,1,86,3,3,1,2,3,2,2,2,3,5,5.0,4,5,4,0.0,0,0
0,,32.0,1,1,77,3,3,1,1,3,1,1,1,2,2,1.0,3,5,5,0.0,2,0
1,1.0,30.0,0,2,89,3,2,3,3,3,3,3,3,4,1,4.0,3,4,3,13.0,0,0
1,1.0,38.0,0,2,86,5,3,2,5,5,5,5,5,3,5,3.0,2,2,2,0.0,2,1
0,1.0,20.0,0,2,89,5,3,3,5,5,5,5,5,1,1,1.0,3,1,3,0.0,0,1
0,1.0,38.0,0,2,86,4,3,3,4,4,4,4,4,5,2,5.0,3,1,3,87.0,69,1
0,1.0,54.0,0,2,86,4,3,3,4,4,4,4,4,3,1,3.0,4,4,3,20.0,13,0
1,0.0,62.0,0,2,86,2,2,1,4,2,4,2,4,1,3,5.0,1,4,2,46.0,42,0
1,0.0,33.0,0,2,77,3,3,5,5,3,5,5,5,2,4,3.0,2,2,3,0.0,0,0
1,1.0,62.0,0,2,89,5,4,4,1,3,3,1,5,5,5,5.0,5,5,4,0.0,0,1
1,0.0,43.0,0,2,56,1,1,2,4,1,4,4,4,5,2,5.0,3,3,1,0.0,0,0
1,0.0,37.0,0,2,86,4,4,2,2,4,2,2,2,4,3,3.0,4,2,4,0.0,0,0
0,1.0,48.0,0,2,86,3,5,4,3,3,3,3,3,1,1,1.0,3,1,4,0.0,0,1
0,1.0,48.0,0,2,86,5,1,1,5,5,5,5,5,4,1,3.0,5,3,3,0.0,0,1
0,1.0,59.0,0,2,89,5,4,4,5,5,5,5,5,1,5,3.0,2,5,4,0.0,0,1
0,1.0,31.0,0,2,86,4,1,1,4,4,4,4,4,5,3,1.0,3,1,1,0.0,0,1
0,1.0,38.0,0,2,89,4,1,1,4,4,4,4,4,3,3,5.0,3,1,1,31.0,0,1
1,1.0,57.0,0,2,86,3,5,5,3,3,3,3,3,5,3,4.0,3,3,5,150.0,146,1
0,1.0,50.0,0,2,89,5,3,3,5,5,5,5,5,3,5,1.0,2,3,3,11.0,0,1
0,0.0,56.0,0,2,89,3,3,2,5,3,5,2,5,5,5,3.0,2,1,3,6.0,5,0
1,0.0,41.0,0,0,89,3,3,5,1,3,1,1,1,4,5,2.0,4,3,3,0.0,0,0
0,1.0,27.0,0,2,86,4,3,3,4,4,4,4,4,4,1,4.0,1,3,3,74.0,68,0
1,1.0,51.0,0,2,86,4,3,3,3,1,2,4,5,5,4,5.0,2,5,3,10.0,0,1
1,1.0,39.0,0,2,86,2,5,5,2,2,2,2,2,3,5,4.0,1,4,5,0.0,0,1
0,,41.0,0,2,89,5,2,2,5,5,5,5,5,2,3,1.0,2,4,2,0.0,0,1
1,1.0,54.0,0,2,89,5,2,2,2,2,5,4,5,5,5,5.0,5,5,2,0.0,0,1
1,0.0,38.0,0,2,86,4,4,2,2,4,2,2,2,5,2,3.0,2,4,4,0.0,0,0
1,1.0,50.0,0,2,89,4,4,4,3,5,1,3,3,3,4,3.0,3,3,4,0.0,0,1
0,,23.0,0,1,89,3,3,3,1,3,1,1,1,1,2,3.0,1,3,3,61.0,62,0
1,1.0,38.0,0,2,89,3,1,1,3,3,3,3,3,2,1,1.0,1,2,1,100.0,99,0
1,,36.0,0,2,86,5,3,3,5,5,5,5,5,4,5,4.0,3,1,3,0.0,1,1
0,1.0,36.0,0,2,77,1,4,4,1,1,1,1,1,3,2,3.0,3,4,4,27.0,38,0
0,1.0,49.0,0,2,86,2,3,3,1,2,1,1,1,2,2,4.0,2,3,3,0.0,0,0
1,1.0,66.0,0,2,86,2,5,5,3,4,2,4,2,2,2,2.0,2,2,5,7.0,23,1
1,0.0,18.0,0,2,86,3,3,3,1,3,1,2,1,4,1,4.0,5,1,0,2.0,0,0
1,,32.0,0,2,89,4,1,1,4,4,4,4,4,5,4,1.0,2,3,1,11.0,0,1
0,1.0,37.0,0,2,89,4,1,1,4,4,4,4,4,3,1,3.0,4,3,1,0.0,0,0
1,1.0,51.0,0,2,77,2,2,2,2,3,4,3,2,2,2,2.0,2,2,2,,0,0
1,1.0,12.0,1,2,89,1,1,3,3,1,3,3,3,4,5,5.0,2,3,4,0.0,0,0
0,1.0,34.0,1,2,86,3,3,3,3,3,3,1,3,4,1,4.0,1,3,2,17.0,28,0
1,1.0,49.0,1,2,77,3,3,3,4,4,4,4,3,3,3,3.0,5,3,4,0.0,0,0
0,1.0,59.0,1,2,78,3,3,1,2,3,2,2,2,5,4,5.0,4,5,5,2.0,6,0
1,1.0,15.0,1,2,89,1,0,2,5,0,5,5,5,4,2,4.0,5,5,4,21.0,8,0
0,1.0,19.0,1,2,89,2,2,1,4,2,4,1,4,1,2,5.0,5,3,3,0.0,0,0
0,1.0,66.0,1,2,56,2,0,4,5,0,5,5,5,4,5,3.0,3,4,1,13.0,0,0
0,1.0,45.0,1,2,86,1,1,1,1,1,1,1,1,3,5,4.0,3,4,5,0.0,0,0
0,1.0,15.0,1,2,86,1,1,2,2,1,2,2,2,1,4,2.0,2,2,3,24.0,10,0
1,1.0,7.0,1,2,86,1,1,2,4,1,4,4,4,4,3,4.0,4,4,5,25.0,4,0
1,1.0,59.0,1,2,86,2,2,1,4,2,4,3,1,1,2,1.0,3,1,3,0.0,0,0
0,1.0,32.0,1,2,77,2,2,5,4,2,4,5,4,5,3,5.0,5,5,4,0.0,0,0
0,1.0,69.0,1,2,86,3,3,3,4,3,4,4,4,2,3,4.0,2,3,2,3.0,1,0
0,1.0,45.0,1,2,86,2,2,4,3,2,3,3,3,3,2,4.0,4,3,5,0.0,0,0
0,1.0,14.0,1,2,86,2,2,4,2,2,2,2,2,2,5,3.0,1,3,2,0.0,0,0
1,1.0,8.0,1,2,77,1,1,3,3,1,3,4,3,5,5,4.0,4,5,4,0.0,0,0
1,1.0,30.0,1,2,77,3,0,2,4,0,4,1,4,4,3,5.0,5,5,4,0.0,0,0
0,1.0,61.0,1,2,86,1,1,1,5,1,5,5,5,4,5,4.0,5,5,5,0.0,0,0
0,,28.0,0,2,89,0,0,4,3,0,3,3,3,3,5,2.0,1,1,0,0.0,0,1
0,1.0,34.0,0,2,78,4,2,2,4,4,4,4,4,4,5,4.0,4,4,2,19.0,16,0
1,0.0,43.0,0,2,89,3,3,2,4,3,4,5,4,3,2,5.0,5,5,3,0.0,0,0
0,0.0,21.0,0,0,89,4,5,1,3,5,3,3,3,4,4,5.0,5,4,0,0.0,0,1
1,0.0,20.0,0,1,67,4,4,1,5,4,5,5,5,4,5,5.0,3,4,0,10.0,2,1
1,1.0,60.0,0,0,89,4,4,4,2,4,5,4,4,4,4,4.0,4,4,4,0.0,0,1
0,1.0,49.0,0,0,89,5,5,5,3,4,5,5,5,5,5,5.0,3,5,5,0.0,0,1
1,1.0,56.0,0,0,67,1,1,1,2,4,4,4,5,5,5,4.0,3,5,1,0.0,0,1
1,1.0,27.0,0,0,89,4,4,4,4,4,4,5,4,4,4,4.0,3,4,4,0.0,0,1
1,0.0,25.0,0,0,67,2,2,3,3,2,3,4,3,3,4,5.0,5,4,4,101.0,26,0
1,1.0,41.0,0,0,67,4,4,4,4,4,4,4,4,4,4,5.0,5,4,4,1.0,0,1
0,1.0,47.0,0,0,67,5,4,5,2,4,4,5,4,4,4,5.0,3,4,5,0.0,0,1
0,1.0,39.0,0,0,67,4,4,4,3,4,2,2,5,5,5,5.0,1,5,4,0.0,0,1
0,1.0,54.0,1,1,67,2,2,4,5,2,5,5,5,3,2,3.0,4,3,2,19.0,28,0
0,1.0,15.0,1,1,67,4,4,3,2,4,2,2,2,1,5,3.0,2,4,4,12.0,0,0
0,1.0,36.0,1,1,67,4,4,3,3,4,3,3,3,3,5,5.0,4,4,4,0.0,0,0
1,1.0,39.0,1,1,67,5,5,1,5,5,5,5,5,4,2,5.0,5,4,4,4.0,2,1
0,1.0,41.0,1,1,67,2,2,2,2,3,3,3,3,5,1,2.0,3,2,2,352.0,314,0
0,1.0,56.0,1,1,67,4,4,1,1,4,1,1,1,5,5,5.0,5,4,5,0.0,0,0
0,1.0,35.0,0,2,67,2,1,1,2,2,2,2,2,4,4,3.0,4,3,1,30.0,19,0
1,1.0,44.0,0,0,89,1,1,1,2,4,5,5,4,4,4,4.0,4,4,1,23.0,25,1
1,0.0,27.0,0,0,89,4,4,3,3,4,3,3,3,4,3,4.0,5,4,4,21.0,3,1
0,0.0,27.0,0,0,89,2,2,4,1,2,1,1,1,5,3,5.0,3,5,2,0.0,0,0
0,1.0,46.0,0,0,102,1,1,1,5,4,3,5,4,4,4,4.0,3,4,1,98.0,101,0
0,0.0,35.0,0,0,89,3,3,3,3,3,3,3,3,5,3,4.0,4,5,3,0.0,0,0
1,1.0,49.0,0,0,89,0,0,3,5,5,5,4,5,5,5,5.0,5,5,4,0.0,0,1
1,1.0,48.0,0,0,102,4,4,4,5,4,4,4,5,5,5,5.0,5,5,3,0.0,0,1
1,1.0,46.0,0,0,89,0,0,4,5,4,4,5,1,1,1,1.0,4,1,5,0.0,0,1
0,1.0,50.0,0,0,67,4,4,4,2,4,5,5,5,5,5,5.0,4,5,4,0.0,0,1
0,0.0,20.0,0,1,89,1,1,5,3,1,3,1,3,5,2,4.0,4,4,4,0.0,0,0
0,1.0,,0,0,89,4,4,4,5,5,5,5,4,2,5,5.0,5,4,4,129.0,134,1
0,1.0,54.0,0,0,89,2,3,3,2,4,4,3,2,2,2,2.0,3,2,3,0.0,0,0
1,0.0,37.0,0,0,89,4,4,3,3,4,3,3,3,5,5,4.0,3,5,4,0.0,0,1
1,0.0,47.0,0,0,89,2,2,5,4,2,4,2,4,3,5,4.0,4,5,2,0.0,0,0
0,1.0,56.0,0,0,89,3,3,5,2,3,2,3,3,3,3,3.0,1,3,5,0.0,0,1
1,0.0,39.0,0,0,89,2,2,1,4,2,4,4,4,5,3,4.0,4,4,2,44.0,0,0
0,0.0,55.0,0,1,108,5,4,5,4,4,4,5,4,5,2,5.0,4,2,0,0.0,0,1
1,0.0,72.0,0,1,67,3,3,4,3,2,2,2,3,4,4,3.0,2,2,3,296.0,324,0
0,,57.0,0,0,106,4,4,5,3,4,3,3,3,3,4,4.0,4,4,4,0.0,0,0
0,0.0,39.0,0,0,89,5,0,3,1,0,1,1,1,5,5,4.0,4,5,0,38.0,23,1
1,1.0,44.0,0,0,89,3,3,3,2,5,5,5,4,4,5,5.0,5,4,3,0.0,0,1
1,0.0,30.0,0,0,89,1,2,4,2,2,2,2,2,4,4,4.0,1,4,2,0.0,9,0
1,,54.0,0,1,100,5,1,1,3,2,3,3,5,5,5,5.0,3,5,1,0.0,0,1
1,,69.0,0,1,100,5,5,5,2,3,2,1,5,5,5,5.0,3,5,5,0.0,0,1
1,1.0,58.0,0,0,102,4,4,4,5,1,5,3,5,5,5,4.0,1,5,4,5.0,19,1
0,1.0,51.0,0,0,102,1,1,1,3,4,5,5,5,5,5,4.0,3,5,1,0.0,0,1
1,1.0,43.0,0,0,102,3,3,3,3,5,3,4,4,4,4,5.0,3,4,3,48.0,39,1
0,1.0,60.0,0,0,102,1,5,1,2,5,3,5,5,5,5,5.0,4,5,1,0.0,0,1
1,1.0,43.0,0,0,102,4,4,4,4,5,4,4,5,3,5,4.0,4,3,4,156.0,140,1
1,,75.0,0,1,102,5,1,1,5,4,4,2,5,5,5,5.0,3,5,1,0.0,0,1
0,,58.0,0,1,102,5,2,2,5,5,5,5,5,1,3,1.0,1,3,2,0.0,0,1
1,0.0,27.0,0,0,89,3,3,3,3,3,3,3,3,3,1,4.0,1,4,3,52.0,57,0
1,0.0,35.0,0,0,89,4,5,3,3,5,3,3,3,2,2,4.0,4,4,5,0.0,0,0
1,1.0,23.0,0,0,89,3,3,2,3,3,3,3,3,4,2,3.0,4,3,2,0.0,0,0
0,1.0,65.0,1,1,67,3,3,3,5,3,5,5,5,4,3,5.0,4,5,5,0.0,1,0
1,1.0,52.0,1,1,67,2,2,1,3,4,4,4,1,1,2,1.0,5,1,5,0.0,2,0
0,0.0,26.0,0,0,89,4,4,4,4,4,4,3,4,1,1,3.0,2,4,3,25.0,29,0
1,0.0,24.0,0,0,89,3,3,2,5,3,5,2,5,3,4,2.0,4,3,3,0.0,0,0
0,0.0,37.0,0,0,108,5,5,5,3,5,3,3,3,3,2,5.0,5,5,5,5.0,0,1
0,1.0,35.0,0,0,89,2,3,3,4,4,4,4,1,1,1,2.0,1,1,3,2.0,0,0
0,0.0,25.0,0,0,89,1,1,3,2,1,2,2,2,1,3,4.0,3,3,3,0.0,0,0
1,1.0,65.0,1,0,100,2,2,1,2,5,4,1,2,2,2,4.0,2,2,3,0.0,0,0
0,1.0,57.0,0,0,100,0,0,5,4,5,5,5,5,5,5,1.0,3,5,4,0.0,0,1
0,1.0,51.0,0,0,100,0,0,4,5,4,5,4,4,4,4,4.0,5,4,5,0.0,0,1
1,1.0,44.0,0,0,100,0,0,2,4,4,4,4,3,2,5,4.0,4,5,4,214.0,230,1
1,1.0,80.0,0,0,100,2,5,5,2,3,3,4,1,1,1,2.0,4,1,5,0.0,0,0
0,1.0,53.0,0,1,100,2,3,4,2,2,2,2,2,1,2,3.0,2,4,4,88.0,89,0
1,1.0,46.0,0,0,100,3,3,3,3,5,5,4,4,4,5,5.0,4,4,3,0.0,0,1
1,0.0,23.0,0,1,100,0,0,1,5,0,5,5,5,1,2,5.0,2,4,4,0.0,0,1
1,1.0,9.0,1,1,100,2,2,3,4,2,4,4,4,3,2,4.0,2,3,1,0.0,0,0
0,1.0,9.0,1,1,100,0,0,4,3,0,3,4,3,3,2,3.0,1,4,1,0.0,0,1
0,1.0,35.0,1,1,100,4,4,4,4,4,4,4,4,3,3,3.0,1,4,2,123.0,126,0
0,1.0,10.0,1,1,100,2,0,3,5,0,5,5,5,4,4,4.0,1,3,1,0.0,0,0
0,1.0,24.0,1,1,100,3,3,3,5,3,5,5,5,5,4,5.0,3,4,5,0.0,0,0
1,1.0,58.0,1,1,100,2,2,5,2,4,5,5,5,5,2,5.0,5,5,5,17.0,15,0
0,1.0,21.0,1,1,100,3,3,3,1,3,1,1,1,3,2,5.0,3,4,5,5.0,0,0
1,1.0,25.0,0,0,89,4,5,5,0,1,0,4,0,2,4,4.0,3,4,5,29.0,27,1
0,1.0,66.0,1,2,100,3,3,1,3,3,3,2,3,4,3,2.0,2,1,1,0.0,0,0
0,0.0,62.0,0,0,89,3,3,3,4,3,4,4,4,1,2,3.0,1,3,3,9.0,13,0
0,1.0,56.0,0,0,89,3,4,4,1,4,1,4,1,1,2,3.0,3,1,4,0.0,0,0
1,0.0,21.0,0,1,89,1,0,3,4,0,4,4,4,2,2,3.0,3,3,4,0.0,0,0
0,1.0,57.0,0,0,89,2,2,2,2,4,4,4,5,5,5,4.0,3,5,2,4.0,5,1
0,1.0,40.0,0,1,89,5,2,2,5,5,5,5,5,4,1,4.0,1,3,2,0.0,0,1
0,1.0,35.0,0,1,102,3,4,4,3,4,3,3,3,4,5,3.0,2,3,4,5.0,0,0
0,1.0,56.0,0,1,89,5,4,4,5,5,5,5,5,3,4,2.0,1,5,4,2.0,0,1
